col,row,image,monolayer_col,monolayer_row
0,0,Img_0_0.jpg,0,0
0,1,Img_0_1.jpg,0,0
0,2,Img_0_2.jpg,0,0
0,3,Img_0_3.jpg,0,0
0,4,Img_0_4.jpg,0,0
0,5,Img_0_5.jpg,0,0
0,6,Img_0_6.jpg,0,0
0,7,Img_0_7.jpg,0,0
0,8,Img_0_8.jpg,0,1
0,9,Img_0_9.jpg,0,1
0,10,Img_0_10.jpg,0,1
0,11,Img_0_11.jpg,0,1
0,12,Img_0_12.jpg,0,1
0,13,Img_0_13.jpg,0,1
0,14,Img_0_14.jpg,0,1
0,15,Img_0_15.jpg,0,1
0,16,Img_0_16.jpg,0,2
0,17,Img_0_17.jpg,0,2
0,18,Img_0_18.jpg,0,2
0,19,Img_0_19.jpg,0,2
0,20,Img_0_20.jpg,0,2
0,21,Img_0_21.jpg,0,2
0,22,Img_0_22.jpg,0,2
0,23,Img_0_23.jpg,0,2
0,24,Img_0_24.jpg,0,3
0,25,Img_0_25.jpg,0,3
0,26,Img_0_26.jpg,0,3
0,27,Img_0_27.jpg,0,3
0,28,Img_0_28.jpg,0,3
0,29,Img_0_29.jpg,0,3
0,30,Img_0_30.jpg,0,3
0,31,Img_0_31.jpg,0,3
0,32,Img_0_32.jpg,0,4
0,33,Img_0_33.jpg,0,4
0,34,Img_0_34.jpg,0,4
0,35,Img_0_35.jpg,0,4
0,36,Img_0_36.jpg,0,4
0,37,Img_0_37.jpg,0,4
0,38,Img_0_38.jpg,0,4
0,39,Img_0_39.jpg,0,4
0,40,Img_0_40.jpg,0,5
0,41,Img_0_41.jpg,0,5
0,42,Img_0_42.jpg,0,5
0,43,Img_0_43.jpg,0,5
0,44,Img_0_44.jpg,0,5
0,45,Img_0_45.jpg,0,5
0,46,Img_0_46.jpg,0,5
0,47,Img_0_47.jpg,0,5
1,0,Img_1_0.jpg,0,0
1,1,Img_1_1.jpg,0,0
1,2,Img_1_2.jpg,0,0
1,3,Img_1_3.jpg,0,0
1,4,Img_1_4.jpg,0,0
1,5,Img_1_5.jpg,0,0
1,6,Img_1_6.jpg,0,0
1,7,Img_1_7.jpg,0,0
1,8,Img_1_8.jpg,0,1
1,9,Img_1_9.jpg,0,1
1,10,Img_1_10.jpg,0,1
1,11,Img_1_11.jpg,0,1
1,12,Img_1_12.jpg,0,1
1,13,Img_1_13.jpg,0,1
1,14,Img_1_14.jpg,0,1
1,15,Img_1_15.jpg,0,1
1,16,Img_1_16.jpg,0,2
1,17,Img_1_17.jpg,0,2
1,18,Img_1_18.jpg,0,2
1,19,Img_1_19.jpg,0,2
1,20,Img_1_20.jpg,0,2
1,21,Img_1_21.jpg,0,2
1,22,Img_1_22.jpg,0,2
1,23,Img_1_23.jpg,0,2
1,24,Img_1_24.jpg,0,3
1,25,Img_1_25.jpg,0,3
1,26,Img_1_26.jpg,0,3
1,27,Img_1_27.jpg,0,3
1,28,Img_1_28.jpg,0,3
1,29,Img_1_29.jpg,0,3
1,30,Img_1_30.jpg,0,3
1,31,Img_1_31.jpg,0,3
1,32,Img_1_32.jpg,0,4
1,33,Img_1_33.jpg,0,4
1,34,Img_1_34.jpg,0,4
1,35,Img_1_35.jpg,0,4
1,36,Img_1_36.jpg,0,4
1,37,Img_1_37.jpg,0,4
1,38,Img_1_38.jpg,0,4
1,39,Img_1_39.jpg,0,4
1,40,Img_1_40.jpg,0,5
1,41,Img_1_41.jpg,0,5
1,42,Img_1_42.jpg,0,5
1,43,Img_1_43.jpg,0,5
1,44,Img_1_44.jpg,0,5
1,45,Img_1_45.jpg,0,5
1,46,Img_1_46.jpg,0,5
1,47,Img_1_47.jpg,0,5
2,0,Img_2_0.jpg,0,0
2,1,Img_2_1.jpg,0,0
2,2,Img_2_2.jpg,0,0
2,3,Img_2_3.jpg,0,0
2,4,Img_2_4.jpg,0,0
2,5,Img_2_5.jpg,0,0
2,6,Img_2_6.jpg,0,0
2,7,Img_2_7.jpg,0,0
2,8,Img_2_8.jpg,0,1
2,9,Img_2_9.jpg,0,1
2,10,Img_2_10.jpg,0,1
2,11,Img_2_11.jpg,0,1
2,12,Img_2_12.jpg,0,1
2,13,Img_2_13.jpg,0,1
2,14,Img_2_14.jpg,0,1
2,15,Img_2_15.jpg,0,1
2,16,Img_2_16.jpg,0,2
2,17,Img_2_17.jpg,0,2
2,18,Img_2_18.jpg,0,2
2,19,Img_2_19.jpg,0,2
2,20,Img_2_20.jpg,0,2
2,21,Img_2_21.jpg,0,2
2,22,Img_2_22.jpg,0,2
2,23,Img_2_23.jpg,0,2
2,24,Img_2_24.jpg,0,3
2,25,Img_2_25.jpg,0,3
2,26,Img_2_26.jpg,0,3
2,27,Img_2_27.jpg,0,3
2,28,Img_2_28.jpg,0,3
2,29,Img_2_29.jpg,0,3
2,30,Img_2_30.jpg,0,3
2,31,Img_2_31.jpg,0,3
2,32,Img_2_32.jpg,0,4
2,33,Img_2_33.jpg,0,4
2,34,Img_2_34.jpg,0,4
2,35,Img_2_35.jpg,0,4
2,36,Img_2_36.jpg,0,4
2,37,Img_2_37.jpg,0,4
2,38,Img_2_38.jpg,0,4
2,39,Img_2_39.jpg,0,4
2,40,Img_2_40.jpg,0,5
2,41,Img_2_41.jpg,0,5
2,42,Img_2_42.jpg,0,5
2,43,Img_2_43.jpg,0,5
2,44,Img_2_44.jpg,0,5
2,45,Img_2_45.jpg,0,5
2,46,Img_2_46.jpg,0,5
2,47,Img_2_47.jpg,0,5
3,0,Img_3_0.jpg,0,0
3,1,Img_3_1.jpg,0,0
3,2,Img_3_2.jpg,0,0
3,3,Img_3_3.jpg,0,0
3,4,Img_3_4.jpg,0,0
3,5,Img_3_5.jpg,0,0
3,6,Img_3_6.jpg,0,0
3,7,Img_3_7.jpg,0,0
3,8,Img_3_8.jpg,0,1
3,9,Img_3_9.jpg,0,1
3,10,Img_3_10.jpg,0,1
3,11,Img_3_11.jpg,0,1
3,12,Img_3_12.jpg,0,1
3,13,Img_3_13.jpg,0,1
3,14,Img_3_14.jpg,0,1
3,15,Img_3_15.jpg,0,1
3,16,Img_3_16.jpg,0,2
3,17,Img_3_17.jpg,0,2
3,18,Img_3_18.jpg,0,2
3,19,Img_3_19.jpg,0,2
3,20,Img_3_20.jpg,0,2
3,21,Img_3_21.jpg,0,2
3,22,Img_3_22.jpg,0,2
3,23,Img_3_23.jpg,0,2
3,24,Img_3_24.jpg,0,3
3,25,Img_3_25.jpg,0,3
3,26,Img_3_26.jpg,0,3
3,27,Img_3_27.jpg,0,3
3,28,Img_3_28.jpg,0,3
3,29,Img_3_29.jpg,0,3
3,30,Img_3_30.jpg,0,3
3,31,Img_3_31.jpg,0,3
3,32,Img_3_32.jpg,0,4
3,33,Img_3_33.jpg,0,4
3,34,Img_3_34.jpg,0,4
3,35,Img_3_35.jpg,0,4
3,36,Img_3_36.jpg,0,4
3,37,Img_3_37.jpg,0,4
3,38,Img_3_38.jpg,0,4
3,39,Img_3_39.jpg,0,4
3,40,Img_3_40.jpg,0,5
3,41,Img_3_41.jpg,0,5
3,42,Img_3_42.jpg,0,5
3,43,Img_3_43.jpg,0,5
3,44,Img_3_44.jpg,0,5
3,45,Img_3_45.jpg,0,5
3,46,Img_3_46.jpg,0,5
3,47,Img_3_47.jpg,0,5
4,0,Img_4_0.jpg,0,0
4,1,Img_4_1.jpg,0,0
4,2,Img_4_2.jpg,0,0
4,3,Img_4_3.jpg,0,0
4,4,Img_4_4.jpg,0,0
4,5,Img_4_5.jpg,0,0
4,6,Img_4_6.jpg,0,0
4,7,Img_4_7.jpg,0,0
4,8,Img_4_8.jpg,0,1
4,9,Img_4_9.jpg,0,1
4,10,Img_4_10.jpg,0,1
4,11,Img_4_11.jpg,0,1
4,12,Img_4_12.jpg,0,1
4,13,Img_4_13.jpg,0,1
4,14,Img_4_14.jpg,0,1
4,15,Img_4_15.jpg,0,1
4,16,Img_4_16.jpg,0,2
4,17,Img_4_17.jpg,0,2
4,18,Img_4_18.jpg,0,2
4,19,Img_4_19.jpg,0,2
4,20,Img_4_20.jpg,0,2
4,21,Img_4_21.jpg,0,2
4,22,Img_4_22.jpg,0,2
4,23,Img_4_23.jpg,0,2
4,24,Img_4_24.jpg,0,3
4,25,Img_4_25.jpg,0,3
4,26,Img_4_26.jpg,0,3
4,27,Img_4_27.jpg,0,3
4,28,Img_4_28.jpg,0,3
4,29,Img_4_29.jpg,0,3
4,30,Img_4_30.jpg,0,3
4,31,Img_4_31.jpg,0,3
4,32,Img_4_32.jpg,0,4
4,33,Img_4_33.jpg,0,4
4,34,Img_4_34.jpg,0,4
4,35,Img_4_35.jpg,0,4
4,36,Img_4_36.jpg,0,4
4,37,Img_4_37.jpg,0,4
4,38,Img_4_38.jpg,0,4
4,39,Img_4_39.jpg,0,4
4,40,Img_4_40.jpg,0,5
4,41,Img_4_41.jpg,0,5
4,42,Img_4_42.jpg,0,5
4,43,Img_4_43.jpg,0,5
4,44,Img_4_44.jpg,0,5
4,45,Img_4_45.jpg,0,5
4,46,Img_4_46.jpg,0,5
4,47,Img_4_47.jpg,0,5
5,0,Img_5_0.jpg,0,0
5,1,Img_5_1.jpg,0,0
5,2,Img_5_2.jpg,0,0
5,3,Img_5_3.jpg,0,0
5,4,Img_5_4.jpg,0,0
5,5,Img_5_5.jpg,0,0
5,6,Img_5_6.jpg,0,0
5,7,Img_5_7.jpg,0,0
5,8,Img_5_8.jpg,0,1
5,9,Img_5_9.jpg,0,1
5,10,Img_5_10.jpg,0,1
5,11,Img_5_11.jpg,0,1
5,12,Img_5_12.jpg,0,1
5,13,Img_5_13.jpg,0,1
5,14,Img_5_14.jpg,0,1
5,15,Img_5_15.jpg,0,1
5,16,Img_5_16.jpg,0,2
5,17,Img_5_17.jpg,0,2
5,18,Img_5_18.jpg,0,2
5,19,Img_5_19.jpg,0,2
5,20,Img_5_20.jpg,0,2
5,21,Img_5_21.jpg,0,2
5,22,Img_5_22.jpg,0,2
5,23,Img_5_23.jpg,0,2
5,24,Img_5_24.jpg,0,3
5,25,Img_5_25.jpg,0,3
5,26,Img_5_26.jpg,0,3
5,27,Img_5_27.jpg,0,3
5,28,Img_5_28.jpg,0,3
5,29,Img_5_29.jpg,0,3
5,30,Img_5_30.jpg,0,3
5,31,Img_5_31.jpg,0,3
5,32,Img_5_32.jpg,0,4
5,33,Img_5_33.jpg,0,4
5,34,Img_5_34.jpg,0,4
5,35,Img_5_35.jpg,0,4
5,36,Img_5_36.jpg,0,4
5,37,Img_5_37.jpg,0,4
5,38,Img_5_38.jpg,0,4
5,39,Img_5_39.jpg,0,4
5,40,Img_5_40.jpg,0,5
5,41,Img_5_41.jpg,0,5
5,42,Img_5_42.jpg,0,5
5,43,Img_5_43.jpg,0,5
5,44,Img_5_44.jpg,0,5
5,45,Img_5_45.jpg,0,5
5,46,Img_5_46.jpg,0,5
5,47,Img_5_47.jpg,0,5
6,0,Img_6_0.jpg,0,0
6,1,Img_6_1.jpg,0,0
6,2,Img_6_2.jpg,0,0
6,3,Img_6_3.jpg,0,0
6,4,Img_6_4.jpg,0,0
6,5,Img_6_5.jpg,0,0
6,6,Img_6_6.jpg,0,0
6,7,Img_6_7.jpg,0,0
6,8,Img_6_8.jpg,0,1
6,9,Img_6_9.jpg,0,1
6,10,Img_6_10.jpg,0,1
6,11,Img_6_11.jpg,0,1
6,12,Img_6_12.jpg,0,1
6,13,Img_6_13.jpg,0,1
6,14,Img_6_14.jpg,0,1
6,15,Img_6_15.jpg,0,1
6,16,Img_6_16.jpg,0,2
6,17,Img_6_17.jpg,0,2
6,18,Img_6_18.jpg,0,2
6,19,Img_6_19.jpg,0,2
6,20,Img_6_20.jpg,0,2
6,21,Img_6_21.jpg,0,2
6,22,Img_6_22.jpg,0,2
6,23,Img_6_23.jpg,0,2
6,24,Img_6_24.jpg,0,3
6,25,Img_6_25.jpg,0,3
6,26,Img_6_26.jpg,0,3
6,27,Img_6_27.jpg,0,3
6,28,Img_6_28.jpg,0,3
6,29,Img_6_29.jpg,0,3
6,30,Img_6_30.jpg,0,3
6,31,Img_6_31.jpg,0,3
6,32,Img_6_32.jpg,0,4
6,33,Img_6_33.jpg,0,4
6,34,Img_6_34.jpg,0,4
6,35,Img_6_35.jpg,0,4
6,36,Img_6_36.jpg,0,4
6,37,Img_6_37.jpg,0,4
6,38,Img_6_38.jpg,0,4
6,39,Img_6_39.jpg,0,4
6,40,Img_6_40.jpg,0,5
6,41,Img_6_41.jpg,0,5
6,42,Img_6_42.jpg,0,5
6,43,Img_6_43.jpg,0,5
6,44,Img_6_44.jpg,0,5
6,45,Img_6_45.jpg,0,5
6,46,Img_6_46.jpg,0,5
6,47,Img_6_47.jpg,0,5
7,0,Img_7_0.jpg,0,0
7,1,Img_7_1.jpg,0,0
7,2,Img_7_2.jpg,0,0
7,3,Img_7_3.jpg,0,0
7,4,Img_7_4.jpg,0,0
7,5,Img_7_5.jpg,0,0
7,6,Img_7_6.jpg,0,0
7,7,Img_7_7.jpg,0,0
7,8,Img_7_8.jpg,0,1
7,9,Img_7_9.jpg,0,1
7,10,Img_7_10.jpg,0,1
7,11,Img_7_11.jpg,0,1
7,12,Img_7_12.jpg,0,1
7,13,Img_7_13.jpg,0,1
7,14,Img_7_14.jpg,0,1
7,15,Img_7_15.jpg,0,1
7,16,Img_7_16.jpg,0,2
7,17,Img_7_17.jpg,0,2
7,18,Img_7_18.jpg,0,2
7,19,Img_7_19.jpg,0,2
7,20,Img_7_20.jpg,0,2
7,21,Img_7_21.jpg,0,2
7,22,Img_7_22.jpg,0,2
7,23,Img_7_23.jpg,0,2
7,24,Img_7_24.jpg,0,3
7,25,Img_7_25.jpg,0,3
7,26,Img_7_26.jpg,0,3
7,27,Img_7_27.jpg,0,3
7,28,Img_7_28.jpg,0,3
7,29,Img_7_29.jpg,0,3
7,30,Img_7_30.jpg,0,3
7,31,Img_7_31.jpg,0,3
7,32,Img_7_32.jpg,0,4
7,33,Img_7_33.jpg,0,4
7,34,Img_7_34.jpg,0,4
7,35,Img_7_35.jpg,0,4
7,36,Img_7_36.jpg,0,4
7,37,Img_7_37.jpg,0,4
7,38,Img_7_38.jpg,0,4
7,39,Img_7_39.jpg,0,4
7,40,Img_7_40.jpg,0,5
7,41,Img_7_41.jpg,0,5
7,42,Img_7_42.jpg,0,5
7,43,Img_7_43.jpg,0,5
7,44,Img_7_44.jpg,0,5
7,45,Img_7_45.jpg,0,5
7,46,Img_7_46.jpg,0,5
7,47,Img_7_47.jpg,0,5
8,0,Img_8_0.jpg,1,0
8,1,Img_8_1.jpg,1,0
8,2,Img_8_2.jpg,1,0
8,3,Img_8_3.jpg,1,0
8,4,Img_8_4.jpg,1,0
8,5,Img_8_5.jpg,1,0
8,6,Img_8_6.jpg,1,0
8,7,Img_8_7.jpg,1,0
8,8,Img_8_8.jpg,1,1
8,9,Img_8_9.jpg,1,1
8,10,Img_8_10.jpg,1,1
8,11,Img_8_11.jpg,1,1
8,12,Img_8_12.jpg,1,1
8,13,Img_8_13.jpg,1,1
8,14,Img_8_14.jpg,1,1
8,15,Img_8_15.jpg,1,1
8,16,Img_8_16.jpg,1,2
8,17,Img_8_17.jpg,1,2
8,18,Img_8_18.jpg,1,2
8,19,Img_8_19.jpg,1,2
8,20,Img_8_20.jpg,1,2
8,21,Img_8_21.jpg,1,2
8,22,Img_8_22.jpg,1,2
8,23,Img_8_23.jpg,1,2
8,24,Img_8_24.jpg,1,3
8,25,Img_8_25.jpg,1,3
8,26,Img_8_26.jpg,1,3
8,27,Img_8_27.jpg,1,3
8,28,Img_8_28.jpg,1,3
8,29,Img_8_29.jpg,1,3
8,30,Img_8_30.jpg,1,3
8,31,Img_8_31.jpg,1,3
8,32,Img_8_32.jpg,1,4
8,33,Img_8_33.jpg,1,4
8,34,Img_8_34.jpg,1,4
8,35,Img_8_35.jpg,1,4
8,36,Img_8_36.jpg,1,4
8,37,Img_8_37.jpg,1,4
8,38,Img_8_38.jpg,1,4
8,39,Img_8_39.jpg,1,4
8,40,Img_8_40.jpg,1,5
8,41,Img_8_41.jpg,1,5
8,42,Img_8_42.jpg,1,5
8,43,Img_8_43.jpg,1,5
8,44,Img_8_44.jpg,1,5
8,45,Img_8_45.jpg,1,5
8,46,Img_8_46.jpg,1,5
8,47,Img_8_47.jpg,1,5
8,48,Img_8_48.jpg,1,6
8,49,Img_8_49.jpg,1,6
8,50,Img_8_50.jpg,1,6
8,51,Img_8_51.jpg,1,6
8,52,Img_8_52.jpg,1,6
8,53,Img_8_53.jpg,1,6
8,54,Img_8_54.jpg,1,6
8,55,Img_8_55.jpg,1,6
8,56,Img_8_56.jpg,1,7
8,57,Img_8_57.jpg,1,7
8,58,Img_8_58.jpg,1,7
8,59,Img_8_59.jpg,1,7
8,60,Img_8_60.jpg,1,7
8,61,Img_8_61.jpg,1,7
8,62,Img_8_62.jpg,1,7
8,63,Img_8_63.jpg,1,7
9,0,Img_9_0.jpg,1,0
9,1,Img_9_1.jpg,1,0
9,2,Img_9_2.jpg,1,0
9,3,Img_9_3.jpg,1,0
9,4,Img_9_4.jpg,1,0
9,5,Img_9_5.jpg,1,0
9,6,Img_9_6.jpg,1,0
9,7,Img_9_7.jpg,1,0
9,8,Img_9_8.jpg,1,1
9,9,Img_9_9.jpg,1,1
9,10,Img_9_10.jpg,1,1
9,11,Img_9_11.jpg,1,1
9,12,Img_9_12.jpg,1,1
9,13,Img_9_13.jpg,1,1
9,14,Img_9_14.jpg,1,1
9,15,Img_9_15.jpg,1,1
9,16,Img_9_16.jpg,1,2
9,17,Img_9_17.jpg,1,2
9,18,Img_9_18.jpg,1,2
9,19,Img_9_19.jpg,1,2
9,20,Img_9_20.jpg,1,2
9,21,Img_9_21.jpg,1,2
9,22,Img_9_22.jpg,1,2
9,23,Img_9_23.jpg,1,2
9,24,Img_9_24.jpg,1,3
9,25,Img_9_25.jpg,1,3
9,26,Img_9_26.jpg,1,3
9,27,Img_9_27.jpg,1,3
9,28,Img_9_28.jpg,1,3
9,29,Img_9_29.jpg,1,3
9,30,Img_9_30.jpg,1,3
9,31,Img_9_31.jpg,1,3
9,32,Img_9_32.jpg,1,4
9,33,Img_9_33.jpg,1,4
9,34,Img_9_34.jpg,1,4
9,35,Img_9_35.jpg,1,4
9,36,Img_9_36.jpg,1,4
9,37,Img_9_37.jpg,1,4
9,38,Img_9_38.jpg,1,4
9,39,Img_9_39.jpg,1,4
9,40,Img_9_40.jpg,1,5
9,41,Img_9_41.jpg,1,5
9,42,Img_9_42.jpg,1,5
9,43,Img_9_43.jpg,1,5
9,44,Img_9_44.jpg,1,5
9,45,Img_9_45.jpg,1,5
9,46,Img_9_46.jpg,1,5
9,47,Img_9_47.jpg,1,5
9,48,Img_9_48.jpg,1,6
9,49,Img_9_49.jpg,1,6
9,50,Img_9_50.jpg,1,6
9,51,Img_9_51.jpg,1,6
9,52,Img_9_52.jpg,1,6
9,53,Img_9_53.jpg,1,6
9,54,Img_9_54.jpg,1,6
9,55,Img_9_55.jpg,1,6
9,56,Img_9_56.jpg,1,7
9,57,Img_9_57.jpg,1,7
9,58,Img_9_58.jpg,1,7
9,59,Img_9_59.jpg,1,7
9,60,Img_9_60.jpg,1,7
9,61,Img_9_61.jpg,1,7
9,62,Img_9_62.jpg,1,7
9,63,Img_9_63.jpg,1,7
10,0,Img_10_0.jpg,1,0
10,1,Img_10_1.jpg,1,0
10,2,Img_10_2.jpg,1,0
10,3,Img_10_3.jpg,1,0
10,4,Img_10_4.jpg,1,0
10,5,Img_10_5.jpg,1,0
10,6,Img_10_6.jpg,1,0
10,7,Img_10_7.jpg,1,0
10,8,Img_10_8.jpg,1,1
10,9,Img_10_9.jpg,1,1
10,10,Img_10_10.jpg,1,1
10,11,Img_10_11.jpg,1,1
10,12,Img_10_12.jpg,1,1
10,13,Img_10_13.jpg,1,1
10,14,Img_10_14.jpg,1,1
10,15,Img_10_15.jpg,1,1
10,16,Img_10_16.jpg,1,2
10,17,Img_10_17.jpg,1,2
10,18,Img_10_18.jpg,1,2
10,19,Img_10_19.jpg,1,2
10,20,Img_10_20.jpg,1,2
10,21,Img_10_21.jpg,1,2
10,22,Img_10_22.jpg,1,2
10,23,Img_10_23.jpg,1,2
10,24,Img_10_24.jpg,1,3
10,25,Img_10_25.jpg,1,3
10,26,Img_10_26.jpg,1,3
10,27,Img_10_27.jpg,1,3
10,28,Img_10_28.jpg,1,3
10,29,Img_10_29.jpg,1,3
10,30,Img_10_30.jpg,1,3
10,31,Img_10_31.jpg,1,3
10,32,Img_10_32.jpg,1,4
10,33,Img_10_33.jpg,1,4
10,34,Img_10_34.jpg,1,4
10,35,Img_10_35.jpg,1,4
10,36,Img_10_36.jpg,1,4
10,37,Img_10_37.jpg,1,4
10,38,Img_10_38.jpg,1,4
10,39,Img_10_39.jpg,1,4
10,40,Img_10_40.jpg,1,5
10,41,Img_10_41.jpg,1,5
10,42,Img_10_42.jpg,1,5
10,43,Img_10_43.jpg,1,5
10,44,Img_10_44.jpg,1,5
10,45,Img_10_45.jpg,1,5
10,46,Img_10_46.jpg,1,5
10,47,Img_10_47.jpg,1,5
10,48,Img_10_48.jpg,1,6
10,49,Img_10_49.jpg,1,6
10,50,Img_10_50.jpg,1,6
10,51,Img_10_51.jpg,1,6
10,52,Img_10_52.jpg,1,6
10,53,Img_10_53.jpg,1,6
10,54,Img_10_54.jpg,1,6
10,55,Img_10_55.jpg,1,6
10,56,Img_10_56.jpg,1,7
10,57,Img_10_57.jpg,1,7
10,58,Img_10_58.jpg,1,7
10,59,Img_10_59.jpg,1,7
10,60,Img_10_60.jpg,1,7
10,61,Img_10_61.jpg,1,7
10,62,Img_10_62.jpg,1,7
10,63,Img_10_63.jpg,1,7
11,0,Img_11_0.jpg,1,0
11,1,Img_11_1.jpg,1,0
11,2,Img_11_2.jpg,1,0
11,3,Img_11_3.jpg,1,0
11,4,Img_11_4.jpg,1,0
11,5,Img_11_5.jpg,1,0
11,6,Img_11_6.jpg,1,0
11,7,Img_11_7.jpg,1,0
11,8,Img_11_8.jpg,1,1
11,9,Img_11_9.jpg,1,1
11,10,Img_11_10.jpg,1,1
11,11,Img_11_11.jpg,1,1
11,12,Img_11_12.jpg,1,1
11,13,Img_11_13.jpg,1,1
11,14,Img_11_14.jpg,1,1
11,15,Img_11_15.jpg,1,1
11,16,Img_11_16.jpg,1,2
11,17,Img_11_17.jpg,1,2
11,18,Img_11_18.jpg,1,2
11,19,Img_11_19.jpg,1,2
11,20,Img_11_20.jpg,1,2
11,21,Img_11_21.jpg,1,2
11,22,Img_11_22.jpg,1,2
11,23,Img_11_23.jpg,1,2
11,24,Img_11_24.jpg,1,3
11,25,Img_11_25.jpg,1,3
11,26,Img_11_26.jpg,1,3
11,27,Img_11_27.jpg,1,3
11,28,Img_11_28.jpg,1,3
11,29,Img_11_29.jpg,1,3
11,30,Img_11_30.jpg,1,3
11,31,Img_11_31.jpg,1,3
11,32,Img_11_32.jpg,1,4
11,33,Img_11_33.jpg,1,4
11,34,Img_11_34.jpg,1,4
11,35,Img_11_35.jpg,1,4
11,36,Img_11_36.jpg,1,4
11,37,Img_11_37.jpg,1,4
11,38,Img_11_38.jpg,1,4
11,39,Img_11_39.jpg,1,4
11,40,Img_11_40.jpg,1,5
11,41,Img_11_41.jpg,1,5
11,42,Img_11_42.jpg,1,5
11,43,Img_11_43.jpg,1,5
11,44,Img_11_44.jpg,1,5
11,45,Img_11_45.jpg,1,5
11,46,Img_11_46.jpg,1,5
11,47,Img_11_47.jpg,1,5
11,48,Img_11_48.jpg,1,6
11,49,Img_11_49.jpg,1,6
11,50,Img_11_50.jpg,1,6
11,51,Img_11_51.jpg,1,6
11,52,Img_11_52.jpg,1,6
11,53,Img_11_53.jpg,1,6
11,54,Img_11_54.jpg,1,6
11,55,Img_11_55.jpg,1,6
11,56,Img_11_56.jpg,1,7
11,57,Img_11_57.jpg,1,7
11,58,Img_11_58.jpg,1,7
11,59,Img_11_59.jpg,1,7
11,60,Img_11_60.jpg,1,7
11,61,Img_11_61.jpg,1,7
11,62,Img_11_62.jpg,1,7
11,63,Img_11_63.jpg,1,7
12,0,Img_12_0.jpg,1,0
12,1,Img_12_1.jpg,1,0
12,2,Img_12_2.jpg,1,0
12,3,Img_12_3.jpg,1,0
12,4,Img_12_4.jpg,1,0
12,5,Img_12_5.jpg,1,0
12,6,Img_12_6.jpg,1,0
12,7,Img_12_7.jpg,1,0
12,8,Img_12_8.jpg,1,1
12,9,Img_12_9.jpg,1,1
12,10,Img_12_10.jpg,1,1
12,11,Img_12_11.jpg,1,1
12,12,Img_12_12.jpg,1,1
12,13,Img_12_13.jpg,1,1
12,14,Img_12_14.jpg,1,1
12,15,Img_12_15.jpg,1,1
12,16,Img_12_16.jpg,1,2
12,17,Img_12_17.jpg,1,2
12,18,Img_12_18.jpg,1,2
12,19,Img_12_19.jpg,1,2
12,20,Img_12_20.jpg,1,2
12,21,Img_12_21.jpg,1,2
12,22,Img_12_22.jpg,1,2
12,23,Img_12_23.jpg,1,2
12,24,Img_12_24.jpg,1,3
12,25,Img_12_25.jpg,1,3
12,26,Img_12_26.jpg,1,3
12,27,Img_12_27.jpg,1,3
12,28,Img_12_28.jpg,1,3
12,29,Img_12_29.jpg,1,3
12,30,Img_12_30.jpg,1,3
12,31,Img_12_31.jpg,1,3
12,32,Img_12_32.jpg,1,4
12,33,Img_12_33.jpg,1,4
12,34,Img_12_34.jpg,1,4
12,35,Img_12_35.jpg,1,4
12,36,Img_12_36.jpg,1,4
12,37,Img_12_37.jpg,1,4
12,38,Img_12_38.jpg,1,4
12,39,Img_12_39.jpg,1,4
12,40,Img_12_40.jpg,1,5
12,41,Img_12_41.jpg,1,5
12,42,Img_12_42.jpg,1,5
12,43,Img_12_43.jpg,1,5
12,44,Img_12_44.jpg,1,5
12,45,Img_12_45.jpg,1,5
12,46,Img_12_46.jpg,1,5
12,47,Img_12_47.jpg,1,5
12,48,Img_12_48.jpg,1,6
12,49,Img_12_49.jpg,1,6
12,50,Img_12_50.jpg,1,6
12,51,Img_12_51.jpg,1,6
12,52,Img_12_52.jpg,1,6
12,53,Img_12_53.jpg,1,6
12,54,Img_12_54.jpg,1,6
12,55,Img_12_55.jpg,1,6
12,56,Img_12_56.jpg,1,7
12,57,Img_12_57.jpg,1,7
12,58,Img_12_58.jpg,1,7
12,59,Img_12_59.jpg,1,7
12,60,Img_12_60.jpg,1,7
12,61,Img_12_61.jpg,1,7
12,62,Img_12_62.jpg,1,7
12,63,Img_12_63.jpg,1,7
13,0,Img_13_0.jpg,1,0
13,1,Img_13_1.jpg,1,0
13,2,Img_13_2.jpg,1,0
13,3,Img_13_3.jpg,1,0
13,4,Img_13_4.jpg,1,0
13,5,Img_13_5.jpg,1,0
13,6,Img_13_6.jpg,1,0
13,7,Img_13_7.jpg,1,0
13,8,Img_13_8.jpg,1,1
13,9,Img_13_9.jpg,1,1
13,10,Img_13_10.jpg,1,1
13,11,Img_13_11.jpg,1,1
13,12,Img_13_12.jpg,1,1
13,13,Img_13_13.jpg,1,1
13,14,Img_13_14.jpg,1,1
13,15,Img_13_15.jpg,1,1
13,16,Img_13_16.jpg,1,2
13,17,Img_13_17.jpg,1,2
13,18,Img_13_18.jpg,1,2
13,19,Img_13_19.jpg,1,2
13,20,Img_13_20.jpg,1,2
13,21,Img_13_21.jpg,1,2
13,22,Img_13_22.jpg,1,2
13,23,Img_13_23.jpg,1,2
13,24,Img_13_24.jpg,1,3
13,25,Img_13_25.jpg,1,3
13,26,Img_13_26.jpg,1,3
13,27,Img_13_27.jpg,1,3
13,28,Img_13_28.jpg,1,3
13,29,Img_13_29.jpg,1,3
13,30,Img_13_30.jpg,1,3
13,31,Img_13_31.jpg,1,3
13,32,Img_13_32.jpg,1,4
13,33,Img_13_33.jpg,1,4
13,34,Img_13_34.jpg,1,4
13,35,Img_13_35.jpg,1,4
13,36,Img_13_36.jpg,1,4
13,37,Img_13_37.jpg,1,4
13,38,Img_13_38.jpg,1,4
13,39,Img_13_39.jpg,1,4
13,40,Img_13_40.jpg,1,5
13,41,Img_13_41.jpg,1,5
13,42,Img_13_42.jpg,1,5
13,43,Img_13_43.jpg,1,5
13,44,Img_13_44.jpg,1,5
13,45,Img_13_45.jpg,1,5
13,46,Img_13_46.jpg,1,5
13,47,Img_13_47.jpg,1,5
13,48,Img_13_48.jpg,1,6
13,49,Img_13_49.jpg,1,6
13,50,Img_13_50.jpg,1,6
13,51,Img_13_51.jpg,1,6
13,52,Img_13_52.jpg,1,6
13,53,Img_13_53.jpg,1,6
13,54,Img_13_54.jpg,1,6
13,55,Img_13_55.jpg,1,6
13,56,Img_13_56.jpg,1,7
13,57,Img_13_57.jpg,1,7
13,58,Img_13_58.jpg,1,7
13,59,Img_13_59.jpg,1,7
13,60,Img_13_60.jpg,1,7
13,61,Img_13_61.jpg,1,7
13,62,Img_13_62.jpg,1,7
13,63,Img_13_63.jpg,1,7
14,0,Img_14_0.jpg,1,0
14,1,Img_14_1.jpg,1,0
14,2,Img_14_2.jpg,1,0
14,3,Img_14_3.jpg,1,0
14,4,Img_14_4.jpg,1,0
14,5,Img_14_5.jpg,1,0
14,6,Img_14_6.jpg,1,0
14,7,Img_14_7.jpg,1,0
14,8,Img_14_8.jpg,1,1
14,9,Img_14_9.jpg,1,1
14,10,Img_14_10.jpg,1,1
14,11,Img_14_11.jpg,1,1
14,12,Img_14_12.jpg,1,1
14,13,Img_14_13.jpg,1,1
14,14,Img_14_14.jpg,1,1
14,15,Img_14_15.jpg,1,1
14,16,Img_14_16.jpg,1,2
14,17,Img_14_17.jpg,1,2
14,18,Img_14_18.jpg,1,2
14,19,Img_14_19.jpg,1,2
14,20,Img_14_20.jpg,1,2
14,21,Img_14_21.jpg,1,2
14,22,Img_14_22.jpg,1,2
14,23,Img_14_23.jpg,1,2
14,24,Img_14_24.jpg,1,3
14,25,Img_14_25.jpg,1,3
14,26,Img_14_26.jpg,1,3
14,27,Img_14_27.jpg,1,3
14,28,Img_14_28.jpg,1,3
14,29,Img_14_29.jpg,1,3
14,30,Img_14_30.jpg,1,3
14,31,Img_14_31.jpg,1,3
14,32,Img_14_32.jpg,1,4
14,33,Img_14_33.jpg,1,4
14,34,Img_14_34.jpg,1,4
14,35,Img_14_35.jpg,1,4
14,36,Img_14_36.jpg,1,4
14,37,Img_14_37.jpg,1,4
14,38,Img_14_38.jpg,1,4
14,39,Img_14_39.jpg,1,4
14,40,Img_14_40.jpg,1,5
14,41,Img_14_41.jpg,1,5
14,42,Img_14_42.jpg,1,5
14,43,Img_14_43.jpg,1,5
14,44,Img_14_44.jpg,1,5
14,45,Img_14_45.jpg,1,5
14,46,Img_14_46.jpg,1,5
14,47,Img_14_47.jpg,1,5
14,48,Img_14_48.jpg,1,6
14,49,Img_14_49.jpg,1,6
14,50,Img_14_50.jpg,1,6
14,51,Img_14_51.jpg,1,6
14,52,Img_14_52.jpg,1,6
14,53,Img_14_53.jpg,1,6
14,54,Img_14_54.jpg,1,6
14,55,Img_14_55.jpg,1,6
14,56,Img_14_56.jpg,1,7
14,57,Img_14_57.jpg,1,7
14,58,Img_14_58.jpg,1,7
14,59,Img_14_59.jpg,1,7
14,60,Img_14_60.jpg,1,7
14,61,Img_14_61.jpg,1,7
14,62,Img_14_62.jpg,1,7
14,63,Img_14_63.jpg,1,7
15,0,Img_15_0.jpg,1,0
15,1,Img_15_1.jpg,1,0
15,2,Img_15_2.jpg,1,0
15,3,Img_15_3.jpg,1,0
15,4,Img_15_4.jpg,1,0
15,5,Img_15_5.jpg,1,0
15,6,Img_15_6.jpg,1,0
15,7,Img_15_7.jpg,1,0
15,8,Img_15_8.jpg,1,1
15,9,Img_15_9.jpg,1,1
15,10,Img_15_10.jpg,1,1
15,11,Img_15_11.jpg,1,1
15,12,Img_15_12.jpg,1,1
15,13,Img_15_13.jpg,1,1
15,14,Img_15_14.jpg,1,1
15,15,Img_15_15.jpg,1,1
15,16,Img_15_16.jpg,1,2
15,17,Img_15_17.jpg,1,2
15,18,Img_15_18.jpg,1,2
15,19,Img_15_19.jpg,1,2
15,20,Img_15_20.jpg,1,2
15,21,Img_15_21.jpg,1,2
15,22,Img_15_22.jpg,1,2
15,23,Img_15_23.jpg,1,2
15,24,Img_15_24.jpg,1,3
15,25,Img_15_25.jpg,1,3
15,26,Img_15_26.jpg,1,3
15,27,Img_15_27.jpg,1,3
15,28,Img_15_28.jpg,1,3
15,29,Img_15_29.jpg,1,3
15,30,Img_15_30.jpg,1,3
15,31,Img_15_31.jpg,1,3
15,32,Img_15_32.jpg,1,4
15,33,Img_15_33.jpg,1,4
15,34,Img_15_34.jpg,1,4
15,35,Img_15_35.jpg,1,4
15,36,Img_15_36.jpg,1,4
15,37,Img_15_37.jpg,1,4
15,38,Img_15_38.jpg,1,4
15,39,Img_15_39.jpg,1,4
15,40,Img_15_40.jpg,1,5
15,41,Img_15_41.jpg,1,5
15,42,Img_15_42.jpg,1,5
15,43,Img_15_43.jpg,1,5
15,44,Img_15_44.jpg,1,5
15,45,Img_15_45.jpg,1,5
15,46,Img_15_46.jpg,1,5
15,47,Img_15_47.jpg,1,5
15,48,Img_15_48.jpg,1,6
15,49,Img_15_49.jpg,1,6
15,50,Img_15_50.jpg,1,6
15,51,Img_15_51.jpg,1,6
15,52,Img_15_52.jpg,1,6
15,53,Img_15_53.jpg,1,6
15,54,Img_15_54.jpg,1,6
15,55,Img_15_55.jpg,1,6
15,56,Img_15_56.jpg,1,7
15,57,Img_15_57.jpg,1,7
15,58,Img_15_58.jpg,1,7
15,59,Img_15_59.jpg,1,7
15,60,Img_15_60.jpg,1,7
15,61,Img_15_61.jpg,1,7
15,62,Img_15_62.jpg,1,7
15,63,Img_15_63.jpg,1,7
16,0,Img_16_0.jpg,2,0
16,1,Img_16_1.jpg,2,0
16,2,Img_16_2.jpg,2,0
16,3,Img_16_3.jpg,2,0
16,4,Img_16_4.jpg,2,0
16,5,Img_16_5.jpg,2,0
16,6,Img_16_6.jpg,2,0
16,7,Img_16_7.jpg,2,0
16,8,Img_16_8.jpg,2,1
16,9,Img_16_9.jpg,2,1
16,10,Img_16_10.jpg,2,1
16,11,Img_16_11.jpg,2,1
16,12,Img_16_12.jpg,2,1
16,13,Img_16_13.jpg,2,1
16,14,Img_16_14.jpg,2,1
16,15,Img_16_15.jpg,2,1
16,16,Img_16_16.jpg,2,2
16,17,Img_16_17.jpg,2,2
16,18,Img_16_18.jpg,2,2
16,19,Img_16_19.jpg,2,2
16,20,Img_16_20.jpg,2,2
16,21,Img_16_21.jpg,2,2
16,22,Img_16_22.jpg,2,2
16,23,Img_16_23.jpg,2,2
16,24,Img_16_24.jpg,2,3
16,25,Img_16_25.jpg,2,3
16,26,Img_16_26.jpg,2,3
16,27,Img_16_27.jpg,2,3
16,28,Img_16_28.jpg,2,3
16,29,Img_16_29.jpg,2,3
16,30,Img_16_30.jpg,2,3
16,31,Img_16_31.jpg,2,3
16,32,Img_16_32.jpg,2,4
16,33,Img_16_33.jpg,2,4
16,34,Img_16_34.jpg,2,4
16,35,Img_16_35.jpg,2,4
16,36,Img_16_36.jpg,2,4
16,37,Img_16_37.jpg,2,4
16,38,Img_16_38.jpg,2,4
16,39,Img_16_39.jpg,2,4
16,40,Img_16_40.jpg,2,5
16,41,Img_16_41.jpg,2,5
16,42,Img_16_42.jpg,2,5
16,43,Img_16_43.jpg,2,5
16,44,Img_16_44.jpg,2,5
16,45,Img_16_45.jpg,2,5
16,46,Img_16_46.jpg,2,5
16,47,Img_16_47.jpg,2,5
16,48,Img_16_48.jpg,2,6
16,49,Img_16_49.jpg,2,6
16,50,Img_16_50.jpg,2,6
16,51,Img_16_51.jpg,2,6
16,52,Img_16_52.jpg,2,6
16,53,Img_16_53.jpg,2,6
16,54,Img_16_54.jpg,2,6
16,55,Img_16_55.jpg,2,6
16,56,Img_16_56.jpg,2,7
16,57,Img_16_57.jpg,2,7
16,58,Img_16_58.jpg,2,7
16,59,Img_16_59.jpg,2,7
16,60,Img_16_60.jpg,2,7
16,61,Img_16_61.jpg,2,7
16,62,Img_16_62.jpg,2,7
16,63,Img_16_63.jpg,2,7
16,64,Img_16_64.jpg,2,8
16,65,Img_16_65.jpg,2,8
16,66,Img_16_66.jpg,2,8
16,67,Img_16_67.jpg,2,8
16,68,Img_16_68.jpg,2,8
16,69,Img_16_69.jpg,2,8
16,70,Img_16_70.jpg,2,8
16,71,Img_16_71.jpg,2,8
17,0,Img_17_0.jpg,2,0
17,1,Img_17_1.jpg,2,0
17,2,Img_17_2.jpg,2,0
17,3,Img_17_3.jpg,2,0
17,4,Img_17_4.jpg,2,0
17,5,Img_17_5.jpg,2,0
17,6,Img_17_6.jpg,2,0
17,7,Img_17_7.jpg,2,0
17,8,Img_17_8.jpg,2,1
17,9,Img_17_9.jpg,2,1
17,10,Img_17_10.jpg,2,1
17,11,Img_17_11.jpg,2,1
17,12,Img_17_12.jpg,2,1
17,13,Img_17_13.jpg,2,1
17,14,Img_17_14.jpg,2,1
17,15,Img_17_15.jpg,2,1
17,16,Img_17_16.jpg,2,2
17,17,Img_17_17.jpg,2,2
17,18,Img_17_18.jpg,2,2
17,19,Img_17_19.jpg,2,2
17,20,Img_17_20.jpg,2,2
17,21,Img_17_21.jpg,2,2
17,22,Img_17_22.jpg,2,2
17,23,Img_17_23.jpg,2,2
17,24,Img_17_24.jpg,2,3
17,25,Img_17_25.jpg,2,3
17,26,Img_17_26.jpg,2,3
17,27,Img_17_27.jpg,2,3
17,28,Img_17_28.jpg,2,3
17,29,Img_17_29.jpg,2,3
17,30,Img_17_30.jpg,2,3
17,31,Img_17_31.jpg,2,3
17,32,Img_17_32.jpg,2,4
17,33,Img_17_33.jpg,2,4
17,34,Img_17_34.jpg,2,4
17,35,Img_17_35.jpg,2,4
17,36,Img_17_36.jpg,2,4
17,37,Img_17_37.jpg,2,4
17,38,Img_17_38.jpg,2,4
17,39,Img_17_39.jpg,2,4
17,40,Img_17_40.jpg,2,5
17,41,Img_17_41.jpg,2,5
17,42,Img_17_42.jpg,2,5
17,43,Img_17_43.jpg,2,5
17,44,Img_17_44.jpg,2,5
17,45,Img_17_45.jpg,2,5
17,46,Img_17_46.jpg,2,5
17,47,Img_17_47.jpg,2,5
17,48,Img_17_48.jpg,2,6
17,49,Img_17_49.jpg,2,6
17,50,Img_17_50.jpg,2,6
17,51,Img_17_51.jpg,2,6
17,52,Img_17_52.jpg,2,6
17,53,Img_17_53.jpg,2,6
17,54,Img_17_54.jpg,2,6
17,55,Img_17_55.jpg,2,6
17,56,Img_17_56.jpg,2,7
17,57,Img_17_57.jpg,2,7
17,58,Img_17_58.jpg,2,7
17,59,Img_17_59.jpg,2,7
17,60,Img_17_60.jpg,2,7
17,61,Img_17_61.jpg,2,7
17,62,Img_17_62.jpg,2,7
17,63,Img_17_63.jpg,2,7
17,64,Img_17_64.jpg,2,8
17,65,Img_17_65.jpg,2,8
17,66,Img_17_66.jpg,2,8
17,67,Img_17_67.jpg,2,8
17,68,Img_17_68.jpg,2,8
17,69,Img_17_69.jpg,2,8
17,70,Img_17_70.jpg,2,8
17,71,Img_17_71.jpg,2,8
18,0,Img_18_0.jpg,2,0
18,1,Img_18_1.jpg,2,0
18,2,Img_18_2.jpg,2,0
18,3,Img_18_3.jpg,2,0
18,4,Img_18_4.jpg,2,0
18,5,Img_18_5.jpg,2,0
18,6,Img_18_6.jpg,2,0
18,7,Img_18_7.jpg,2,0
18,8,Img_18_8.jpg,2,1
18,9,Img_18_9.jpg,2,1
18,10,Img_18_10.jpg,2,1
18,11,Img_18_11.jpg,2,1
18,12,Img_18_12.jpg,2,1
18,13,Img_18_13.jpg,2,1
18,14,Img_18_14.jpg,2,1
18,15,Img_18_15.jpg,2,1
18,16,Img_18_16.jpg,2,2
18,17,Img_18_17.jpg,2,2
18,18,Img_18_18.jpg,2,2
18,19,Img_18_19.jpg,2,2
18,20,Img_18_20.jpg,2,2
18,21,Img_18_21.jpg,2,2
18,22,Img_18_22.jpg,2,2
18,23,Img_18_23.jpg,2,2
18,24,Img_18_24.jpg,2,3
18,25,Img_18_25.jpg,2,3
18,26,Img_18_26.jpg,2,3
18,27,Img_18_27.jpg,2,3
18,28,Img_18_28.jpg,2,3
18,29,Img_18_29.jpg,2,3
18,30,Img_18_30.jpg,2,3
18,31,Img_18_31.jpg,2,3
18,32,Img_18_32.jpg,2,4
18,33,Img_18_33.jpg,2,4
18,34,Img_18_34.jpg,2,4
18,35,Img_18_35.jpg,2,4
18,36,Img_18_36.jpg,2,4
18,37,Img_18_37.jpg,2,4
18,38,Img_18_38.jpg,2,4
18,39,Img_18_39.jpg,2,4
18,40,Img_18_40.jpg,2,5
18,41,Img_18_41.jpg,2,5
18,42,Img_18_42.jpg,2,5
18,43,Img_18_43.jpg,2,5
18,44,Img_18_44.jpg,2,5
18,45,Img_18_45.jpg,2,5
18,46,Img_18_46.jpg,2,5
18,47,Img_18_47.jpg,2,5
18,48,Img_18_48.jpg,2,6
18,49,Img_18_49.jpg,2,6
18,50,Img_18_50.jpg,2,6
18,51,Img_18_51.jpg,2,6
18,52,Img_18_52.jpg,2,6
18,53,Img_18_53.jpg,2,6
18,54,Img_18_54.jpg,2,6
18,55,Img_18_55.jpg,2,6
18,56,Img_18_56.jpg,2,7
18,57,Img_18_57.jpg,2,7
18,58,Img_18_58.jpg,2,7
18,59,Img_18_59.jpg,2,7
18,60,Img_18_60.jpg,2,7
18,61,Img_18_61.jpg,2,7
18,62,Img_18_62.jpg,2,7
18,63,Img_18_63.jpg,2,7
18,64,Img_18_64.jpg,2,8
18,65,Img_18_65.jpg,2,8
18,66,Img_18_66.jpg,2,8
18,67,Img_18_67.jpg,2,8
18,68,Img_18_68.jpg,2,8
18,69,Img_18_69.jpg,2,8
18,70,Img_18_70.jpg,2,8
18,71,Img_18_71.jpg,2,8
19,0,Img_19_0.jpg,2,0
19,1,Img_19_1.jpg,2,0
19,2,Img_19_2.jpg,2,0
19,3,Img_19_3.jpg,2,0
19,4,Img_19_4.jpg,2,0
19,5,Img_19_5.jpg,2,0
19,6,Img_19_6.jpg,2,0
19,7,Img_19_7.jpg,2,0
19,8,Img_19_8.jpg,2,1
19,9,Img_19_9.jpg,2,1
19,10,Img_19_10.jpg,2,1
19,11,Img_19_11.jpg,2,1
19,12,Img_19_12.jpg,2,1
19,13,Img_19_13.jpg,2,1
19,14,Img_19_14.jpg,2,1
19,15,Img_19_15.jpg,2,1
19,16,Img_19_16.jpg,2,2
19,17,Img_19_17.jpg,2,2
19,18,Img_19_18.jpg,2,2
19,19,Img_19_19.jpg,2,2
19,20,Img_19_20.jpg,2,2
19,21,Img_19_21.jpg,2,2
19,22,Img_19_22.jpg,2,2
19,23,Img_19_23.jpg,2,2
19,24,Img_19_24.jpg,2,3
19,25,Img_19_25.jpg,2,3
19,26,Img_19_26.jpg,2,3
19,27,Img_19_27.jpg,2,3
19,28,Img_19_28.jpg,2,3
19,29,Img_19_29.jpg,2,3
19,30,Img_19_30.jpg,2,3
19,31,Img_19_31.jpg,2,3
19,32,Img_19_32.jpg,2,4
19,33,Img_19_33.jpg,2,4
19,34,Img_19_34.jpg,2,4
19,35,Img_19_35.jpg,2,4
19,36,Img_19_36.jpg,2,4
19,37,Img_19_37.jpg,2,4
19,38,Img_19_38.jpg,2,4
19,39,Img_19_39.jpg,2,4
19,40,Img_19_40.jpg,2,5
19,41,Img_19_41.jpg,2,5
19,42,Img_19_42.jpg,2,5
19,43,Img_19_43.jpg,2,5
19,44,Img_19_44.jpg,2,5
19,45,Img_19_45.jpg,2,5
19,46,Img_19_46.jpg,2,5
19,47,Img_19_47.jpg,2,5
19,48,Img_19_48.jpg,2,6
19,49,Img_19_49.jpg,2,6
19,50,Img_19_50.jpg,2,6
19,51,Img_19_51.jpg,2,6
19,52,Img_19_52.jpg,2,6
19,53,Img_19_53.jpg,2,6
19,54,Img_19_54.jpg,2,6
19,55,Img_19_55.jpg,2,6
19,56,Img_19_56.jpg,2,7
19,57,Img_19_57.jpg,2,7
19,58,Img_19_58.jpg,2,7
19,59,Img_19_59.jpg,2,7
19,60,Img_19_60.jpg,2,7
19,61,Img_19_61.jpg,2,7
19,62,Img_19_62.jpg,2,7
19,63,Img_19_63.jpg,2,7
19,64,Img_19_64.jpg,2,8
19,65,Img_19_65.jpg,2,8
19,66,Img_19_66.jpg,2,8
19,67,Img_19_67.jpg,2,8
19,68,Img_19_68.jpg,2,8
19,69,Img_19_69.jpg,2,8
19,70,Img_19_70.jpg,2,8
19,71,Img_19_71.jpg,2,8
20,0,Img_20_0.jpg,2,0
20,1,Img_20_1.jpg,2,0
20,2,Img_20_2.jpg,2,0
20,3,Img_20_3.jpg,2,0
20,4,Img_20_4.jpg,2,0
20,5,Img_20_5.jpg,2,0
20,6,Img_20_6.jpg,2,0
20,7,Img_20_7.jpg,2,0
20,8,Img_20_8.jpg,2,1
20,9,Img_20_9.jpg,2,1
20,10,Img_20_10.jpg,2,1
20,11,Img_20_11.jpg,2,1
20,12,Img_20_12.jpg,2,1
20,13,Img_20_13.jpg,2,1
20,14,Img_20_14.jpg,2,1
20,15,Img_20_15.jpg,2,1
20,16,Img_20_16.jpg,2,2
20,17,Img_20_17.jpg,2,2
20,18,Img_20_18.jpg,2,2
20,19,Img_20_19.jpg,2,2
20,20,Img_20_20.jpg,2,2
20,21,Img_20_21.jpg,2,2
20,22,Img_20_22.jpg,2,2
20,23,Img_20_23.jpg,2,2
20,24,Img_20_24.jpg,2,3
20,25,Img_20_25.jpg,2,3
20,26,Img_20_26.jpg,2,3
20,27,Img_20_27.jpg,2,3
20,28,Img_20_28.jpg,2,3
20,29,Img_20_29.jpg,2,3
20,30,Img_20_30.jpg,2,3
20,31,Img_20_31.jpg,2,3
20,32,Img_20_32.jpg,2,4
20,33,Img_20_33.jpg,2,4
20,34,Img_20_34.jpg,2,4
20,35,Img_20_35.jpg,2,4
20,36,Img_20_36.jpg,2,4
20,37,Img_20_37.jpg,2,4
20,38,Img_20_38.jpg,2,4
20,39,Img_20_39.jpg,2,4
20,40,Img_20_40.jpg,2,5
20,41,Img_20_41.jpg,2,5
20,42,Img_20_42.jpg,2,5
20,43,Img_20_43.jpg,2,5
20,44,Img_20_44.jpg,2,5
20,45,Img_20_45.jpg,2,5
20,46,Img_20_46.jpg,2,5
20,47,Img_20_47.jpg,2,5
20,48,Img_20_48.jpg,2,6
20,49,Img_20_49.jpg,2,6
20,50,Img_20_50.jpg,2,6
20,51,Img_20_51.jpg,2,6
20,52,Img_20_52.jpg,2,6
20,53,Img_20_53.jpg,2,6
20,54,Img_20_54.jpg,2,6
20,55,Img_20_55.jpg,2,6
20,56,Img_20_56.jpg,2,7
20,57,Img_20_57.jpg,2,7
20,58,Img_20_58.jpg,2,7
20,59,Img_20_59.jpg,2,7
20,60,Img_20_60.jpg,2,7
20,61,Img_20_61.jpg,2,7
20,62,Img_20_62.jpg,2,7
20,63,Img_20_63.jpg,2,7
20,64,Img_20_64.jpg,2,8
20,65,Img_20_65.jpg,2,8
20,66,Img_20_66.jpg,2,8
20,67,Img_20_67.jpg,2,8
20,68,Img_20_68.jpg,2,8
20,69,Img_20_69.jpg,2,8
20,70,Img_20_70.jpg,2,8
20,71,Img_20_71.jpg,2,8
21,0,Img_21_0.jpg,2,0
21,1,Img_21_1.jpg,2,0
21,2,Img_21_2.jpg,2,0
21,3,Img_21_3.jpg,2,0
21,4,Img_21_4.jpg,2,0
21,5,Img_21_5.jpg,2,0
21,6,Img_21_6.jpg,2,0
21,7,Img_21_7.jpg,2,0
21,8,Img_21_8.jpg,2,1
21,9,Img_21_9.jpg,2,1
21,10,Img_21_10.jpg,2,1
21,11,Img_21_11.jpg,2,1
21,12,Img_21_12.jpg,2,1
21,13,Img_21_13.jpg,2,1
21,14,Img_21_14.jpg,2,1
21,15,Img_21_15.jpg,2,1
21,16,Img_21_16.jpg,2,2
21,17,Img_21_17.jpg,2,2
21,18,Img_21_18.jpg,2,2
21,19,Img_21_19.jpg,2,2
21,20,Img_21_20.jpg,2,2
21,21,Img_21_21.jpg,2,2
21,22,Img_21_22.jpg,2,2
21,23,Img_21_23.jpg,2,2
21,24,Img_21_24.jpg,2,3
21,25,Img_21_25.jpg,2,3
21,26,Img_21_26.jpg,2,3
21,27,Img_21_27.jpg,2,3
21,28,Img_21_28.jpg,2,3
21,29,Img_21_29.jpg,2,3
21,30,Img_21_30.jpg,2,3
21,31,Img_21_31.jpg,2,3
21,32,Img_21_32.jpg,2,4
21,33,Img_21_33.jpg,2,4
21,34,Img_21_34.jpg,2,4
21,35,Img_21_35.jpg,2,4
21,36,Img_21_36.jpg,2,4
21,37,Img_21_37.jpg,2,4
21,38,Img_21_38.jpg,2,4
21,39,Img_21_39.jpg,2,4
21,40,Img_21_40.jpg,2,5
21,41,Img_21_41.jpg,2,5
21,42,Img_21_42.jpg,2,5
21,43,Img_21_43.jpg,2,5
21,44,Img_21_44.jpg,2,5
21,45,Img_21_45.jpg,2,5
21,46,Img_21_46.jpg,2,5
21,47,Img_21_47.jpg,2,5
21,48,Img_21_48.jpg,2,6
21,49,Img_21_49.jpg,2,6
21,50,Img_21_50.jpg,2,6
21,51,Img_21_51.jpg,2,6
21,52,Img_21_52.jpg,2,6
21,53,Img_21_53.jpg,2,6
21,54,Img_21_54.jpg,2,6
21,55,Img_21_55.jpg,2,6
21,56,Img_21_56.jpg,2,7
21,57,Img_21_57.jpg,2,7
21,58,Img_21_58.jpg,2,7
21,59,Img_21_59.jpg,2,7
21,60,Img_21_60.jpg,2,7
21,61,Img_21_61.jpg,2,7
21,62,Img_21_62.jpg,2,7
21,63,Img_21_63.jpg,2,7
21,64,Img_21_64.jpg,2,8
21,65,Img_21_65.jpg,2,8
21,66,Img_21_66.jpg,2,8
21,67,Img_21_67.jpg,2,8
21,68,Img_21_68.jpg,2,8
21,69,Img_21_69.jpg,2,8
21,70,Img_21_70.jpg,2,8
21,71,Img_21_71.jpg,2,8
22,0,Img_22_0.jpg,2,0
22,1,Img_22_1.jpg,2,0
22,2,Img_22_2.jpg,2,0
22,3,Img_22_3.jpg,2,0
22,4,Img_22_4.jpg,2,0
22,5,Img_22_5.jpg,2,0
22,6,Img_22_6.jpg,2,0
22,7,Img_22_7.jpg,2,0
22,8,Img_22_8.jpg,2,1
22,9,Img_22_9.jpg,2,1
22,10,Img_22_10.jpg,2,1
22,11,Img_22_11.jpg,2,1
22,12,Img_22_12.jpg,2,1
22,13,Img_22_13.jpg,2,1
22,14,Img_22_14.jpg,2,1
22,15,Img_22_15.jpg,2,1
22,16,Img_22_16.jpg,2,2
22,17,Img_22_17.jpg,2,2
22,18,Img_22_18.jpg,2,2
22,19,Img_22_19.jpg,2,2
22,20,Img_22_20.jpg,2,2
22,21,Img_22_21.jpg,2,2
22,22,Img_22_22.jpg,2,2
22,23,Img_22_23.jpg,2,2
22,24,Img_22_24.jpg,2,3
22,25,Img_22_25.jpg,2,3
22,26,Img_22_26.jpg,2,3
22,27,Img_22_27.jpg,2,3
22,28,Img_22_28.jpg,2,3
22,29,Img_22_29.jpg,2,3
22,30,Img_22_30.jpg,2,3
22,31,Img_22_31.jpg,2,3
22,32,Img_22_32.jpg,2,4
22,33,Img_22_33.jpg,2,4
22,34,Img_22_34.jpg,2,4
22,35,Img_22_35.jpg,2,4
22,36,Img_22_36.jpg,2,4
22,37,Img_22_37.jpg,2,4
22,38,Img_22_38.jpg,2,4
22,39,Img_22_39.jpg,2,4
22,40,Img_22_40.jpg,2,5
22,41,Img_22_41.jpg,2,5
22,42,Img_22_42.jpg,2,5
22,43,Img_22_43.jpg,2,5
22,44,Img_22_44.jpg,2,5
22,45,Img_22_45.jpg,2,5
22,46,Img_22_46.jpg,2,5
22,47,Img_22_47.jpg,2,5
22,48,Img_22_48.jpg,2,6
22,49,Img_22_49.jpg,2,6
22,50,Img_22_50.jpg,2,6
22,51,Img_22_51.jpg,2,6
22,52,Img_22_52.jpg,2,6
22,53,Img_22_53.jpg,2,6
22,54,Img_22_54.jpg,2,6
22,55,Img_22_55.jpg,2,6
22,56,Img_22_56.jpg,2,7
22,57,Img_22_57.jpg,2,7
22,58,Img_22_58.jpg,2,7
22,59,Img_22_59.jpg,2,7
22,60,Img_22_60.jpg,2,7
22,61,Img_22_61.jpg,2,7
22,62,Img_22_62.jpg,2,7
22,63,Img_22_63.jpg,2,7
22,64,Img_22_64.jpg,2,8
22,65,Img_22_65.jpg,2,8
22,66,Img_22_66.jpg,2,8
22,67,Img_22_67.jpg,2,8
22,68,Img_22_68.jpg,2,8
22,69,Img_22_69.jpg,2,8
22,70,Img_22_70.jpg,2,8
22,71,Img_22_71.jpg,2,8
23,0,Img_23_0.jpg,2,0
23,1,Img_23_1.jpg,2,0
23,2,Img_23_2.jpg,2,0
23,3,Img_23_3.jpg,2,0
23,4,Img_23_4.jpg,2,0
23,5,Img_23_5.jpg,2,0
23,6,Img_23_6.jpg,2,0
23,7,Img_23_7.jpg,2,0
23,8,Img_23_8.jpg,2,1
23,9,Img_23_9.jpg,2,1
23,10,Img_23_10.jpg,2,1
23,11,Img_23_11.jpg,2,1
23,12,Img_23_12.jpg,2,1
23,13,Img_23_13.jpg,2,1
23,14,Img_23_14.jpg,2,1
23,15,Img_23_15.jpg,2,1
23,16,Img_23_16.jpg,2,2
23,17,Img_23_17.jpg,2,2
23,18,Img_23_18.jpg,2,2
23,19,Img_23_19.jpg,2,2
23,20,Img_23_20.jpg,2,2
23,21,Img_23_21.jpg,2,2
23,22,Img_23_22.jpg,2,2
23,23,Img_23_23.jpg,2,2
23,24,Img_23_24.jpg,2,3
23,25,Img_23_25.jpg,2,3
23,26,Img_23_26.jpg,2,3
23,27,Img_23_27.jpg,2,3
23,28,Img_23_28.jpg,2,3
23,29,Img_23_29.jpg,2,3
23,30,Img_23_30.jpg,2,3
23,31,Img_23_31.jpg,2,3
23,32,Img_23_32.jpg,2,4
23,33,Img_23_33.jpg,2,4
23,34,Img_23_34.jpg,2,4
23,35,Img_23_35.jpg,2,4
23,36,Img_23_36.jpg,2,4
23,37,Img_23_37.jpg,2,4
23,38,Img_23_38.jpg,2,4
23,39,Img_23_39.jpg,2,4
23,40,Img_23_40.jpg,2,5
23,41,Img_23_41.jpg,2,5
23,42,Img_23_42.jpg,2,5
23,43,Img_23_43.jpg,2,5
23,44,Img_23_44.jpg,2,5
23,45,Img_23_45.jpg,2,5
23,46,Img_23_46.jpg,2,5
23,47,Img_23_47.jpg,2,5
23,48,Img_23_48.jpg,2,6
23,49,Img_23_49.jpg,2,6
23,50,Img_23_50.jpg,2,6
23,51,Img_23_51.jpg,2,6
23,52,Img_23_52.jpg,2,6
23,53,Img_23_53.jpg,2,6
23,54,Img_23_54.jpg,2,6
23,55,Img_23_55.jpg,2,6
23,56,Img_23_56.jpg,2,7
23,57,Img_23_57.jpg,2,7
23,58,Img_23_58.jpg,2,7
23,59,Img_23_59.jpg,2,7
23,60,Img_23_60.jpg,2,7
23,61,Img_23_61.jpg,2,7
23,62,Img_23_62.jpg,2,7
23,63,Img_23_63.jpg,2,7
23,64,Img_23_64.jpg,2,8
23,65,Img_23_65.jpg,2,8
23,66,Img_23_66.jpg,2,8
23,67,Img_23_67.jpg,2,8
23,68,Img_23_68.jpg,2,8
23,69,Img_23_69.jpg,2,8
23,70,Img_23_70.jpg,2,8
23,71,Img_23_71.jpg,2,8
24,0,Img_24_0.jpg,3,0
24,1,Img_24_1.jpg,3,0
24,2,Img_24_2.jpg,3,0
24,3,Img_24_3.jpg,3,0
24,4,Img_24_4.jpg,3,0
24,5,Img_24_5.jpg,3,0
24,6,Img_24_6.jpg,3,0
24,7,Img_24_7.jpg,3,0
24,8,Img_24_8.jpg,3,1
24,9,Img_24_9.jpg,3,1
24,10,Img_24_10.jpg,3,1
24,11,Img_24_11.jpg,3,1
24,12,Img_24_12.jpg,3,1
24,13,Img_24_13.jpg,3,1
24,14,Img_24_14.jpg,3,1
24,15,Img_24_15.jpg,3,1
24,16,Img_24_16.jpg,3,2
24,17,Img_24_17.jpg,3,2
24,18,Img_24_18.jpg,3,2
24,19,Img_24_19.jpg,3,2
24,20,Img_24_20.jpg,3,2
24,21,Img_24_21.jpg,3,2
24,22,Img_24_22.jpg,3,2
24,23,Img_24_23.jpg,3,2
24,24,Img_24_24.jpg,3,3
24,25,Img_24_25.jpg,3,3
24,26,Img_24_26.jpg,3,3
24,27,Img_24_27.jpg,3,3
24,28,Img_24_28.jpg,3,3
24,29,Img_24_29.jpg,3,3
24,30,Img_24_30.jpg,3,3
24,31,Img_24_31.jpg,3,3
24,32,Img_24_32.jpg,3,4
24,33,Img_24_33.jpg,3,4
24,34,Img_24_34.jpg,3,4
24,35,Img_24_35.jpg,3,4
24,36,Img_24_36.jpg,3,4
24,37,Img_24_37.jpg,3,4
24,38,Img_24_38.jpg,3,4
24,39,Img_24_39.jpg,3,4
24,40,Img_24_40.jpg,3,5
24,41,Img_24_41.jpg,3,5
24,42,Img_24_42.jpg,3,5
24,43,Img_24_43.jpg,3,5
24,44,Img_24_44.jpg,3,5
24,45,Img_24_45.jpg,3,5
24,46,Img_24_46.jpg,3,5
24,47,Img_24_47.jpg,3,5
24,48,Img_24_48.jpg,3,6
24,49,Img_24_49.jpg,3,6
24,50,Img_24_50.jpg,3,6
24,51,Img_24_51.jpg,3,6
24,52,Img_24_52.jpg,3,6
24,53,Img_24_53.jpg,3,6
24,54,Img_24_54.jpg,3,6
24,55,Img_24_55.jpg,3,6
24,56,Img_24_56.jpg,3,7
24,57,Img_24_57.jpg,3,7
24,58,Img_24_58.jpg,3,7
24,59,Img_24_59.jpg,3,7
24,60,Img_24_60.jpg,3,7
24,61,Img_24_61.jpg,3,7
24,62,Img_24_62.jpg,3,7
24,63,Img_24_63.jpg,3,7
24,64,Img_24_64.jpg,3,8
24,65,Img_24_65.jpg,3,8
24,66,Img_24_66.jpg,3,8
24,67,Img_24_67.jpg,3,8
24,68,Img_24_68.jpg,3,8
24,69,Img_24_69.jpg,3,8
24,70,Img_24_70.jpg,3,8
24,71,Img_24_71.jpg,3,8
24,72,Img_24_72.jpg,3,9
24,73,Img_24_73.jpg,3,9
24,74,Img_24_74.jpg,3,9
24,75,Img_24_75.jpg,3,9
24,76,Img_24_76.jpg,3,9
24,77,Img_24_77.jpg,3,9
24,78,Img_24_78.jpg,3,9
24,79,Img_24_79.jpg,3,9
24,80,Img_24_80.jpg,3,10
24,81,Img_24_81.jpg,3,10
24,82,Img_24_82.jpg,3,10
24,83,Img_24_83.jpg,3,10
24,84,Img_24_84.jpg,3,10
24,85,Img_24_85.jpg,3,10
24,86,Img_24_86.jpg,3,10
24,87,Img_24_87.jpg,3,10
25,0,Img_25_0.jpg,3,0
25,1,Img_25_1.jpg,3,0
25,2,Img_25_2.jpg,3,0
25,3,Img_25_3.jpg,3,0
25,4,Img_25_4.jpg,3,0
25,5,Img_25_5.jpg,3,0
25,6,Img_25_6.jpg,3,0
25,7,Img_25_7.jpg,3,0
25,8,Img_25_8.jpg,3,1
25,9,Img_25_9.jpg,3,1
25,10,Img_25_10.jpg,3,1
25,11,Img_25_11.jpg,3,1
25,12,Img_25_12.jpg,3,1
25,13,Img_25_13.jpg,3,1
25,14,Img_25_14.jpg,3,1
25,15,Img_25_15.jpg,3,1
25,16,Img_25_16.jpg,3,2
25,17,Img_25_17.jpg,3,2
25,18,Img_25_18.jpg,3,2
25,19,Img_25_19.jpg,3,2
25,20,Img_25_20.jpg,3,2
25,21,Img_25_21.jpg,3,2
25,22,Img_25_22.jpg,3,2
25,23,Img_25_23.jpg,3,2
25,24,Img_25_24.jpg,3,3
25,25,Img_25_25.jpg,3,3
25,26,Img_25_26.jpg,3,3
25,27,Img_25_27.jpg,3,3
25,28,Img_25_28.jpg,3,3
25,29,Img_25_29.jpg,3,3
25,30,Img_25_30.jpg,3,3
25,31,Img_25_31.jpg,3,3
25,32,Img_25_32.jpg,3,4
25,33,Img_25_33.jpg,3,4
25,34,Img_25_34.jpg,3,4
25,35,Img_25_35.jpg,3,4
25,36,Img_25_36.jpg,3,4
25,37,Img_25_37.jpg,3,4
25,38,Img_25_38.jpg,3,4
25,39,Img_25_39.jpg,3,4
25,40,Img_25_40.jpg,3,5
25,41,Img_25_41.jpg,3,5
25,42,Img_25_42.jpg,3,5
25,43,Img_25_43.jpg,3,5
25,44,Img_25_44.jpg,3,5
25,45,Img_25_45.jpg,3,5
25,46,Img_25_46.jpg,3,5
25,47,Img_25_47.jpg,3,5
25,48,Img_25_48.jpg,3,6
25,49,Img_25_49.jpg,3,6
25,50,Img_25_50.jpg,3,6
25,51,Img_25_51.jpg,3,6
25,52,Img_25_52.jpg,3,6
25,53,Img_25_53.jpg,3,6
25,54,Img_25_54.jpg,3,6
25,55,Img_25_55.jpg,3,6
25,56,Img_25_56.jpg,3,7
25,57,Img_25_57.jpg,3,7
25,58,Img_25_58.jpg,3,7
25,59,Img_25_59.jpg,3,7
25,60,Img_25_60.jpg,3,7
25,61,Img_25_61.jpg,3,7
25,62,Img_25_62.jpg,3,7
25,63,Img_25_63.jpg,3,7
25,64,Img_25_64.jpg,3,8
25,65,Img_25_65.jpg,3,8
25,66,Img_25_66.jpg,3,8
25,67,Img_25_67.jpg,3,8
25,68,Img_25_68.jpg,3,8
25,69,Img_25_69.jpg,3,8
25,70,Img_25_70.jpg,3,8
25,71,Img_25_71.jpg,3,8
25,72,Img_25_72.jpg,3,9
25,73,Img_25_73.jpg,3,9
25,74,Img_25_74.jpg,3,9
25,75,Img_25_75.jpg,3,9
25,76,Img_25_76.jpg,3,9
25,77,Img_25_77.jpg,3,9
25,78,Img_25_78.jpg,3,9
25,79,Img_25_79.jpg,3,9
25,80,Img_25_80.jpg,3,10
25,81,Img_25_81.jpg,3,10
25,82,Img_25_82.jpg,3,10
25,83,Img_25_83.jpg,3,10
25,84,Img_25_84.jpg,3,10
25,85,Img_25_85.jpg,3,10
25,86,Img_25_86.jpg,3,10
25,87,Img_25_87.jpg,3,10
26,0,Img_26_0.jpg,3,0
26,1,Img_26_1.jpg,3,0
26,2,Img_26_2.jpg,3,0
26,3,Img_26_3.jpg,3,0
26,4,Img_26_4.jpg,3,0
26,5,Img_26_5.jpg,3,0
26,6,Img_26_6.jpg,3,0
26,7,Img_26_7.jpg,3,0
26,8,Img_26_8.jpg,3,1
26,9,Img_26_9.jpg,3,1
26,10,Img_26_10.jpg,3,1
26,11,Img_26_11.jpg,3,1
26,12,Img_26_12.jpg,3,1
26,13,Img_26_13.jpg,3,1
26,14,Img_26_14.jpg,3,1
26,15,Img_26_15.jpg,3,1
26,16,Img_26_16.jpg,3,2
26,17,Img_26_17.jpg,3,2
26,18,Img_26_18.jpg,3,2
26,19,Img_26_19.jpg,3,2
26,20,Img_26_20.jpg,3,2
26,21,Img_26_21.jpg,3,2
26,22,Img_26_22.jpg,3,2
26,23,Img_26_23.jpg,3,2
26,24,Img_26_24.jpg,3,3
26,25,Img_26_25.jpg,3,3
26,26,Img_26_26.jpg,3,3
26,27,Img_26_27.jpg,3,3
26,28,Img_26_28.jpg,3,3
26,29,Img_26_29.jpg,3,3
26,30,Img_26_30.jpg,3,3
26,31,Img_26_31.jpg,3,3
26,32,Img_26_32.jpg,3,4
26,33,Img_26_33.jpg,3,4
26,34,Img_26_34.jpg,3,4
26,35,Img_26_35.jpg,3,4
26,36,Img_26_36.jpg,3,4
26,37,Img_26_37.jpg,3,4
26,38,Img_26_38.jpg,3,4
26,39,Img_26_39.jpg,3,4
26,40,Img_26_40.jpg,3,5
26,41,Img_26_41.jpg,3,5
26,42,Img_26_42.jpg,3,5
26,43,Img_26_43.jpg,3,5
26,44,Img_26_44.jpg,3,5
26,45,Img_26_45.jpg,3,5
26,46,Img_26_46.jpg,3,5
26,47,Img_26_47.jpg,3,5
26,48,Img_26_48.jpg,3,6
26,49,Img_26_49.jpg,3,6
26,50,Img_26_50.jpg,3,6
26,51,Img_26_51.jpg,3,6
26,52,Img_26_52.jpg,3,6
26,53,Img_26_53.jpg,3,6
26,54,Img_26_54.jpg,3,6
26,55,Img_26_55.jpg,3,6
26,56,Img_26_56.jpg,3,7
26,57,Img_26_57.jpg,3,7
26,58,Img_26_58.jpg,3,7
26,59,Img_26_59.jpg,3,7
26,60,Img_26_60.jpg,3,7
26,61,Img_26_61.jpg,3,7
26,62,Img_26_62.jpg,3,7
26,63,Img_26_63.jpg,3,7
26,64,Img_26_64.jpg,3,8
26,65,Img_26_65.jpg,3,8
26,66,Img_26_66.jpg,3,8
26,67,Img_26_67.jpg,3,8
26,68,Img_26_68.jpg,3,8
26,69,Img_26_69.jpg,3,8
26,70,Img_26_70.jpg,3,8
26,71,Img_26_71.jpg,3,8
26,72,Img_26_72.jpg,3,9
26,73,Img_26_73.jpg,3,9
26,74,Img_26_74.jpg,3,9
26,75,Img_26_75.jpg,3,9
26,76,Img_26_76.jpg,3,9
26,77,Img_26_77.jpg,3,9
26,78,Img_26_78.jpg,3,9
26,79,Img_26_79.jpg,3,9
26,80,Img_26_80.jpg,3,10
26,81,Img_26_81.jpg,3,10
26,82,Img_26_82.jpg,3,10
26,83,Img_26_83.jpg,3,10
26,84,Img_26_84.jpg,3,10
26,85,Img_26_85.jpg,3,10
26,86,Img_26_86.jpg,3,10
26,87,Img_26_87.jpg,3,10
27,0,Img_27_0.jpg,3,0
27,1,Img_27_1.jpg,3,0
27,2,Img_27_2.jpg,3,0
27,3,Img_27_3.jpg,3,0
27,4,Img_27_4.jpg,3,0
27,5,Img_27_5.jpg,3,0
27,6,Img_27_6.jpg,3,0
27,7,Img_27_7.jpg,3,0
27,8,Img_27_8.jpg,3,1
27,9,Img_27_9.jpg,3,1
27,10,Img_27_10.jpg,3,1
27,11,Img_27_11.jpg,3,1
27,12,Img_27_12.jpg,3,1
27,13,Img_27_13.jpg,3,1
27,14,Img_27_14.jpg,3,1
27,15,Img_27_15.jpg,3,1
27,16,Img_27_16.jpg,3,2
27,17,Img_27_17.jpg,3,2
27,18,Img_27_18.jpg,3,2
27,19,Img_27_19.jpg,3,2
27,20,Img_27_20.jpg,3,2
27,21,Img_27_21.jpg,3,2
27,22,Img_27_22.jpg,3,2
27,23,Img_27_23.jpg,3,2
27,24,Img_27_24.jpg,3,3
27,25,Img_27_25.jpg,3,3
27,26,Img_27_26.jpg,3,3
27,27,Img_27_27.jpg,3,3
27,28,Img_27_28.jpg,3,3
27,29,Img_27_29.jpg,3,3
27,30,Img_27_30.jpg,3,3
27,31,Img_27_31.jpg,3,3
27,32,Img_27_32.jpg,3,4
27,33,Img_27_33.jpg,3,4
27,34,Img_27_34.jpg,3,4
27,35,Img_27_35.jpg,3,4
27,36,Img_27_36.jpg,3,4
27,37,Img_27_37.jpg,3,4
27,38,Img_27_38.jpg,3,4
27,39,Img_27_39.jpg,3,4
27,40,Img_27_40.jpg,3,5
27,41,Img_27_41.jpg,3,5
27,42,Img_27_42.jpg,3,5
27,43,Img_27_43.jpg,3,5
27,44,Img_27_44.jpg,3,5
27,45,Img_27_45.jpg,3,5
27,46,Img_27_46.jpg,3,5
27,47,Img_27_47.jpg,3,5
27,48,Img_27_48.jpg,3,6
27,49,Img_27_49.jpg,3,6
27,50,Img_27_50.jpg,3,6
27,51,Img_27_51.jpg,3,6
27,52,Img_27_52.jpg,3,6
27,53,Img_27_53.jpg,3,6
27,54,Img_27_54.jpg,3,6
27,55,Img_27_55.jpg,3,6
27,56,Img_27_56.jpg,3,7
27,57,Img_27_57.jpg,3,7
27,58,Img_27_58.jpg,3,7
27,59,Img_27_59.jpg,3,7
27,60,Img_27_60.jpg,3,7
27,61,Img_27_61.jpg,3,7
27,62,Img_27_62.jpg,3,7
27,63,Img_27_63.jpg,3,7
27,64,Img_27_64.jpg,3,8
27,65,Img_27_65.jpg,3,8
27,66,Img_27_66.jpg,3,8
27,67,Img_27_67.jpg,3,8
27,68,Img_27_68.jpg,3,8
27,69,Img_27_69.jpg,3,8
27,70,Img_27_70.jpg,3,8
27,71,Img_27_71.jpg,3,8
27,72,Img_27_72.jpg,3,9
27,73,Img_27_73.jpg,3,9
27,74,Img_27_74.jpg,3,9
27,75,Img_27_75.jpg,3,9
27,76,Img_27_76.jpg,3,9
27,77,Img_27_77.jpg,3,9
27,78,Img_27_78.jpg,3,9
27,79,Img_27_79.jpg,3,9
27,80,Img_27_80.jpg,3,10
27,81,Img_27_81.jpg,3,10
27,82,Img_27_82.jpg,3,10
27,83,Img_27_83.jpg,3,10
27,84,Img_27_84.jpg,3,10
27,85,Img_27_85.jpg,3,10
27,86,Img_27_86.jpg,3,10
27,87,Img_27_87.jpg,3,10
28,0,Img_28_0.jpg,3,0
28,1,Img_28_1.jpg,3,0
28,2,Img_28_2.jpg,3,0
28,3,Img_28_3.jpg,3,0
28,4,Img_28_4.jpg,3,0
28,5,Img_28_5.jpg,3,0
28,6,Img_28_6.jpg,3,0
28,7,Img_28_7.jpg,3,0
28,8,Img_28_8.jpg,3,1
28,9,Img_28_9.jpg,3,1
28,10,Img_28_10.jpg,3,1
28,11,Img_28_11.jpg,3,1
28,12,Img_28_12.jpg,3,1
28,13,Img_28_13.jpg,3,1
28,14,Img_28_14.jpg,3,1
28,15,Img_28_15.jpg,3,1
28,16,Img_28_16.jpg,3,2
28,17,Img_28_17.jpg,3,2
28,18,Img_28_18.jpg,3,2
28,19,Img_28_19.jpg,3,2
28,20,Img_28_20.jpg,3,2
28,21,Img_28_21.jpg,3,2
28,22,Img_28_22.jpg,3,2
28,23,Img_28_23.jpg,3,2
28,24,Img_28_24.jpg,3,3
28,25,Img_28_25.jpg,3,3
28,26,Img_28_26.jpg,3,3
28,27,Img_28_27.jpg,3,3
28,28,Img_28_28.jpg,3,3
28,29,Img_28_29.jpg,3,3
28,30,Img_28_30.jpg,3,3
28,31,Img_28_31.jpg,3,3
28,32,Img_28_32.jpg,3,4
28,33,Img_28_33.jpg,3,4
28,34,Img_28_34.jpg,3,4
28,35,Img_28_35.jpg,3,4
28,36,Img_28_36.jpg,3,4
28,37,Img_28_37.jpg,3,4
28,38,Img_28_38.jpg,3,4
28,39,Img_28_39.jpg,3,4
28,40,Img_28_40.jpg,3,5
28,41,Img_28_41.jpg,3,5
28,42,Img_28_42.jpg,3,5
28,43,Img_28_43.jpg,3,5
28,44,Img_28_44.jpg,3,5
28,45,Img_28_45.jpg,3,5
28,46,Img_28_46.jpg,3,5
28,47,Img_28_47.jpg,3,5
28,48,Img_28_48.jpg,3,6
28,49,Img_28_49.jpg,3,6
28,50,Img_28_50.jpg,3,6
28,51,Img_28_51.jpg,3,6
28,52,Img_28_52.jpg,3,6
28,53,Img_28_53.jpg,3,6
28,54,Img_28_54.jpg,3,6
28,55,Img_28_55.jpg,3,6
28,56,Img_28_56.jpg,3,7
28,57,Img_28_57.jpg,3,7
28,58,Img_28_58.jpg,3,7
28,59,Img_28_59.jpg,3,7
28,60,Img_28_60.jpg,3,7
28,61,Img_28_61.jpg,3,7
28,62,Img_28_62.jpg,3,7
28,63,Img_28_63.jpg,3,7
28,64,Img_28_64.jpg,3,8
28,65,Img_28_65.jpg,3,8
28,66,Img_28_66.jpg,3,8
28,67,Img_28_67.jpg,3,8
28,68,Img_28_68.jpg,3,8
28,69,Img_28_69.jpg,3,8
28,70,Img_28_70.jpg,3,8
28,71,Img_28_71.jpg,3,8
28,72,Img_28_72.jpg,3,9
28,73,Img_28_73.jpg,3,9
28,74,Img_28_74.jpg,3,9
28,75,Img_28_75.jpg,3,9
28,76,Img_28_76.jpg,3,9
28,77,Img_28_77.jpg,3,9
28,78,Img_28_78.jpg,3,9
28,79,Img_28_79.jpg,3,9
28,80,Img_28_80.jpg,3,10
28,81,Img_28_81.jpg,3,10
28,82,Img_28_82.jpg,3,10
28,83,Img_28_83.jpg,3,10
28,84,Img_28_84.jpg,3,10
28,85,Img_28_85.jpg,3,10
28,86,Img_28_86.jpg,3,10
28,87,Img_28_87.jpg,3,10
29,0,Img_29_0.jpg,3,0
29,1,Img_29_1.jpg,3,0
29,2,Img_29_2.jpg,3,0
29,3,Img_29_3.jpg,3,0
29,4,Img_29_4.jpg,3,0
29,5,Img_29_5.jpg,3,0
29,6,Img_29_6.jpg,3,0
29,7,Img_29_7.jpg,3,0
29,8,Img_29_8.jpg,3,1
29,9,Img_29_9.jpg,3,1
29,10,Img_29_10.jpg,3,1
29,11,Img_29_11.jpg,3,1
29,12,Img_29_12.jpg,3,1
29,13,Img_29_13.jpg,3,1
29,14,Img_29_14.jpg,3,1
29,15,Img_29_15.jpg,3,1
29,16,Img_29_16.jpg,3,2
29,17,Img_29_17.jpg,3,2
29,18,Img_29_18.jpg,3,2
29,19,Img_29_19.jpg,3,2
29,20,Img_29_20.jpg,3,2
29,21,Img_29_21.jpg,3,2
29,22,Img_29_22.jpg,3,2
29,23,Img_29_23.jpg,3,2
29,24,Img_29_24.jpg,3,3
29,25,Img_29_25.jpg,3,3
29,26,Img_29_26.jpg,3,3
29,27,Img_29_27.jpg,3,3
29,28,Img_29_28.jpg,3,3
29,29,Img_29_29.jpg,3,3
29,30,Img_29_30.jpg,3,3
29,31,Img_29_31.jpg,3,3
29,32,Img_29_32.jpg,3,4
29,33,Img_29_33.jpg,3,4
29,34,Img_29_34.jpg,3,4
29,35,Img_29_35.jpg,3,4
29,36,Img_29_36.jpg,3,4
29,37,Img_29_37.jpg,3,4
29,38,Img_29_38.jpg,3,4
29,39,Img_29_39.jpg,3,4
29,40,Img_29_40.jpg,3,5
29,41,Img_29_41.jpg,3,5
29,42,Img_29_42.jpg,3,5
29,43,Img_29_43.jpg,3,5
29,44,Img_29_44.jpg,3,5
29,45,Img_29_45.jpg,3,5
29,46,Img_29_46.jpg,3,5
29,47,Img_29_47.jpg,3,5
29,48,Img_29_48.jpg,3,6
29,49,Img_29_49.jpg,3,6
29,50,Img_29_50.jpg,3,6
29,51,Img_29_51.jpg,3,6
29,52,Img_29_52.jpg,3,6
29,53,Img_29_53.jpg,3,6
29,54,Img_29_54.jpg,3,6
29,55,Img_29_55.jpg,3,6
29,56,Img_29_56.jpg,3,7
29,57,Img_29_57.jpg,3,7
29,58,Img_29_58.jpg,3,7
29,59,Img_29_59.jpg,3,7
29,60,Img_29_60.jpg,3,7
29,61,Img_29_61.jpg,3,7
29,62,Img_29_62.jpg,3,7
29,63,Img_29_63.jpg,3,7
29,64,Img_29_64.jpg,3,8
29,65,Img_29_65.jpg,3,8
29,66,Img_29_66.jpg,3,8
29,67,Img_29_67.jpg,3,8
29,68,Img_29_68.jpg,3,8
29,69,Img_29_69.jpg,3,8
29,70,Img_29_70.jpg,3,8
29,71,Img_29_71.jpg,3,8
29,72,Img_29_72.jpg,3,9
29,73,Img_29_73.jpg,3,9
29,74,Img_29_74.jpg,3,9
29,75,Img_29_75.jpg,3,9
29,76,Img_29_76.jpg,3,9
29,77,Img_29_77.jpg,3,9
29,78,Img_29_78.jpg,3,9
29,79,Img_29_79.jpg,3,9
29,80,Img_29_80.jpg,3,10
29,81,Img_29_81.jpg,3,10
29,82,Img_29_82.jpg,3,10
29,83,Img_29_83.jpg,3,10
29,84,Img_29_84.jpg,3,10
29,85,Img_29_85.jpg,3,10
29,86,Img_29_86.jpg,3,10
29,87,Img_29_87.jpg,3,10
30,0,Img_30_0.jpg,3,0
30,1,Img_30_1.jpg,3,0
30,2,Img_30_2.jpg,3,0
30,3,Img_30_3.jpg,3,0
30,4,Img_30_4.jpg,3,0
30,5,Img_30_5.jpg,3,0
30,6,Img_30_6.jpg,3,0
30,7,Img_30_7.jpg,3,0
30,8,Img_30_8.jpg,3,1
30,9,Img_30_9.jpg,3,1
30,10,Img_30_10.jpg,3,1
30,11,Img_30_11.jpg,3,1
30,12,Img_30_12.jpg,3,1
30,13,Img_30_13.jpg,3,1
30,14,Img_30_14.jpg,3,1
30,15,Img_30_15.jpg,3,1
30,16,Img_30_16.jpg,3,2
30,17,Img_30_17.jpg,3,2
30,18,Img_30_18.jpg,3,2
30,19,Img_30_19.jpg,3,2
30,20,Img_30_20.jpg,3,2
30,21,Img_30_21.jpg,3,2
30,22,Img_30_22.jpg,3,2
30,23,Img_30_23.jpg,3,2
30,24,Img_30_24.jpg,3,3
30,25,Img_30_25.jpg,3,3
30,26,Img_30_26.jpg,3,3
30,27,Img_30_27.jpg,3,3
30,28,Img_30_28.jpg,3,3
30,29,Img_30_29.jpg,3,3
30,30,Img_30_30.jpg,3,3
30,31,Img_30_31.jpg,3,3
30,32,Img_30_32.jpg,3,4
30,33,Img_30_33.jpg,3,4
30,34,Img_30_34.jpg,3,4
30,35,Img_30_35.jpg,3,4
30,36,Img_30_36.jpg,3,4
30,37,Img_30_37.jpg,3,4
30,38,Img_30_38.jpg,3,4
30,39,Img_30_39.jpg,3,4
30,40,Img_30_40.jpg,3,5
30,41,Img_30_41.jpg,3,5
30,42,Img_30_42.jpg,3,5
30,43,Img_30_43.jpg,3,5
30,44,Img_30_44.jpg,3,5
30,45,Img_30_45.jpg,3,5
30,46,Img_30_46.jpg,3,5
30,47,Img_30_47.jpg,3,5
30,48,Img_30_48.jpg,3,6
30,49,Img_30_49.jpg,3,6
30,50,Img_30_50.jpg,3,6
30,51,Img_30_51.jpg,3,6
30,52,Img_30_52.jpg,3,6
30,53,Img_30_53.jpg,3,6
30,54,Img_30_54.jpg,3,6
30,55,Img_30_55.jpg,3,6
30,56,Img_30_56.jpg,3,7
30,57,Img_30_57.jpg,3,7
30,58,Img_30_58.jpg,3,7
30,59,Img_30_59.jpg,3,7
30,60,Img_30_60.jpg,3,7
30,61,Img_30_61.jpg,3,7
30,62,Img_30_62.jpg,3,7
30,63,Img_30_63.jpg,3,7
30,64,Img_30_64.jpg,3,8
30,65,Img_30_65.jpg,3,8
30,66,Img_30_66.jpg,3,8
30,67,Img_30_67.jpg,3,8
30,68,Img_30_68.jpg,3,8
30,69,Img_30_69.jpg,3,8
30,70,Img_30_70.jpg,3,8
30,71,Img_30_71.jpg,3,8
30,72,Img_30_72.jpg,3,9
30,73,Img_30_73.jpg,3,9
30,74,Img_30_74.jpg,3,9
30,75,Img_30_75.jpg,3,9
30,76,Img_30_76.jpg,3,9
30,77,Img_30_77.jpg,3,9
30,78,Img_30_78.jpg,3,9
30,79,Img_30_79.jpg,3,9
30,80,Img_30_80.jpg,3,10
30,81,Img_30_81.jpg,3,10
30,82,Img_30_82.jpg,3,10
30,83,Img_30_83.jpg,3,10
30,84,Img_30_84.jpg,3,10
30,85,Img_30_85.jpg,3,10
30,86,Img_30_86.jpg,3,10
30,87,Img_30_87.jpg,3,10
31,0,Img_31_0.jpg,3,0
31,1,Img_31_1.jpg,3,0
31,2,Img_31_2.jpg,3,0
31,3,Img_31_3.jpg,3,0
31,4,Img_31_4.jpg,3,0
31,5,Img_31_5.jpg,3,0
31,6,Img_31_6.jpg,3,0
31,7,Img_31_7.jpg,3,0
31,8,Img_31_8.jpg,3,1
31,9,Img_31_9.jpg,3,1
31,10,Img_31_10.jpg,3,1
31,11,Img_31_11.jpg,3,1
31,12,Img_31_12.jpg,3,1
31,13,Img_31_13.jpg,3,1
31,14,Img_31_14.jpg,3,1
31,15,Img_31_15.jpg,3,1
31,16,Img_31_16.jpg,3,2
31,17,Img_31_17.jpg,3,2
31,18,Img_31_18.jpg,3,2
31,19,Img_31_19.jpg,3,2
31,20,Img_31_20.jpg,3,2
31,21,Img_31_21.jpg,3,2
31,22,Img_31_22.jpg,3,2
31,23,Img_31_23.jpg,3,2
31,24,Img_31_24.jpg,3,3
31,25,Img_31_25.jpg,3,3
31,26,Img_31_26.jpg,3,3
31,27,Img_31_27.jpg,3,3
31,28,Img_31_28.jpg,3,3
31,29,Img_31_29.jpg,3,3
31,30,Img_31_30.jpg,3,3
31,31,Img_31_31.jpg,3,3
31,32,Img_31_32.jpg,3,4
31,33,Img_31_33.jpg,3,4
31,34,Img_31_34.jpg,3,4
31,35,Img_31_35.jpg,3,4
31,36,Img_31_36.jpg,3,4
31,37,Img_31_37.jpg,3,4
31,38,Img_31_38.jpg,3,4
31,39,Img_31_39.jpg,3,4
31,40,Img_31_40.jpg,3,5
31,41,Img_31_41.jpg,3,5
31,42,Img_31_42.jpg,3,5
31,43,Img_31_43.jpg,3,5
31,44,Img_31_44.jpg,3,5
31,45,Img_31_45.jpg,3,5
31,46,Img_31_46.jpg,3,5
31,47,Img_31_47.jpg,3,5
31,48,Img_31_48.jpg,3,6
31,49,Img_31_49.jpg,3,6
31,50,Img_31_50.jpg,3,6
31,51,Img_31_51.jpg,3,6
31,52,Img_31_52.jpg,3,6
31,53,Img_31_53.jpg,3,6
31,54,Img_31_54.jpg,3,6
31,55,Img_31_55.jpg,3,6
31,56,Img_31_56.jpg,3,7
31,57,Img_31_57.jpg,3,7
31,58,Img_31_58.jpg,3,7
31,59,Img_31_59.jpg,3,7
31,60,Img_31_60.jpg,3,7
31,61,Img_31_61.jpg,3,7
31,62,Img_31_62.jpg,3,7
31,63,Img_31_63.jpg,3,7
31,64,Img_31_64.jpg,3,8
31,65,Img_31_65.jpg,3,8
31,66,Img_31_66.jpg,3,8
31,67,Img_31_67.jpg,3,8
31,68,Img_31_68.jpg,3,8
31,69,Img_31_69.jpg,3,8
31,70,Img_31_70.jpg,3,8
31,71,Img_31_71.jpg,3,8
31,72,Img_31_72.jpg,3,9
31,73,Img_31_73.jpg,3,9
31,74,Img_31_74.jpg,3,9
31,75,Img_31_75.jpg,3,9
31,76,Img_31_76.jpg,3,9
31,77,Img_31_77.jpg,3,9
31,78,Img_31_78.jpg,3,9
31,79,Img_31_79.jpg,3,9
31,80,Img_31_80.jpg,3,10
31,81,Img_31_81.jpg,3,10
31,82,Img_31_82.jpg,3,10
31,83,Img_31_83.jpg,3,10
31,84,Img_31_84.jpg,3,10
31,85,Img_31_85.jpg,3,10
31,86,Img_31_86.jpg,3,10
31,87,Img_31_87.jpg,3,10
32,0,Img_32_0.jpg,4,0
32,1,Img_32_1.jpg,4,0
32,2,Img_32_2.jpg,4,0
32,3,Img_32_3.jpg,4,0
32,4,Img_32_4.jpg,4,0
32,5,Img_32_5.jpg,4,0
32,6,Img_32_6.jpg,4,0
32,7,Img_32_7.jpg,4,0
32,8,Img_32_8.jpg,4,1
32,9,Img_32_9.jpg,4,1
32,10,Img_32_10.jpg,4,1
32,11,Img_32_11.jpg,4,1
32,12,Img_32_12.jpg,4,1
32,13,Img_32_13.jpg,4,1
32,14,Img_32_14.jpg,4,1
32,15,Img_32_15.jpg,4,1
32,16,Img_32_16.jpg,4,2
32,17,Img_32_17.jpg,4,2
32,18,Img_32_18.jpg,4,2
32,19,Img_32_19.jpg,4,2
32,20,Img_32_20.jpg,4,2
32,21,Img_32_21.jpg,4,2
32,22,Img_32_22.jpg,4,2
32,23,Img_32_23.jpg,4,2
32,24,Img_32_24.jpg,4,3
32,25,Img_32_25.jpg,4,3
32,26,Img_32_26.jpg,4,3
32,27,Img_32_27.jpg,4,3
32,28,Img_32_28.jpg,4,3
32,29,Img_32_29.jpg,4,3
32,30,Img_32_30.jpg,4,3
32,31,Img_32_31.jpg,4,3
32,32,Img_32_32.jpg,4,4
32,33,Img_32_33.jpg,4,4
32,34,Img_32_34.jpg,4,4
32,35,Img_32_35.jpg,4,4
32,36,Img_32_36.jpg,4,4
32,37,Img_32_37.jpg,4,4
32,38,Img_32_38.jpg,4,4
32,39,Img_32_39.jpg,4,4
32,40,Img_32_40.jpg,4,5
32,41,Img_32_41.jpg,4,5
32,42,Img_32_42.jpg,4,5
32,43,Img_32_43.jpg,4,5
32,44,Img_32_44.jpg,4,5
32,45,Img_32_45.jpg,4,5
32,46,Img_32_46.jpg,4,5
32,47,Img_32_47.jpg,4,5
32,48,Img_32_48.jpg,4,6
32,49,Img_32_49.jpg,4,6
32,50,Img_32_50.jpg,4,6
32,51,Img_32_51.jpg,4,6
32,52,Img_32_52.jpg,4,6
32,53,Img_32_53.jpg,4,6
32,54,Img_32_54.jpg,4,6
32,55,Img_32_55.jpg,4,6
32,56,Img_32_56.jpg,4,7
32,57,Img_32_57.jpg,4,7
32,58,Img_32_58.jpg,4,7
32,59,Img_32_59.jpg,4,7
32,60,Img_32_60.jpg,4,7
32,61,Img_32_61.jpg,4,7
32,62,Img_32_62.jpg,4,7
32,63,Img_32_63.jpg,4,7
32,64,Img_32_64.jpg,4,8
32,65,Img_32_65.jpg,4,8
32,66,Img_32_66.jpg,4,8
32,67,Img_32_67.jpg,4,8
32,68,Img_32_68.jpg,4,8
32,69,Img_32_69.jpg,4,8
32,70,Img_32_70.jpg,4,8
32,71,Img_32_71.jpg,4,8
32,72,Img_32_72.jpg,4,9
32,73,Img_32_73.jpg,4,9
32,74,Img_32_74.jpg,4,9
32,75,Img_32_75.jpg,4,9
32,76,Img_32_76.jpg,4,9
32,77,Img_32_77.jpg,4,9
32,78,Img_32_78.jpg,4,9
32,79,Img_32_79.jpg,4,9
32,80,Img_32_80.jpg,4,10
32,81,Img_32_81.jpg,4,10
32,82,Img_32_82.jpg,4,10
32,83,Img_32_83.jpg,4,10
32,84,Img_32_84.jpg,4,10
32,85,Img_32_85.jpg,4,10
32,86,Img_32_86.jpg,4,10
32,87,Img_32_87.jpg,4,10
33,0,Img_33_0.jpg,4,0
33,1,Img_33_1.jpg,4,0
33,2,Img_33_2.jpg,4,0
33,3,Img_33_3.jpg,4,0
33,4,Img_33_4.jpg,4,0
33,5,Img_33_5.jpg,4,0
33,6,Img_33_6.jpg,4,0
33,7,Img_33_7.jpg,4,0
33,8,Img_33_8.jpg,4,1
33,9,Img_33_9.jpg,4,1
33,10,Img_33_10.jpg,4,1
33,11,Img_33_11.jpg,4,1
33,12,Img_33_12.jpg,4,1
33,13,Img_33_13.jpg,4,1
33,14,Img_33_14.jpg,4,1
33,15,Img_33_15.jpg,4,1
33,16,Img_33_16.jpg,4,2
33,17,Img_33_17.jpg,4,2
33,18,Img_33_18.jpg,4,2
33,19,Img_33_19.jpg,4,2
33,20,Img_33_20.jpg,4,2
33,21,Img_33_21.jpg,4,2
33,22,Img_33_22.jpg,4,2
33,23,Img_33_23.jpg,4,2
33,24,Img_33_24.jpg,4,3
33,25,Img_33_25.jpg,4,3
33,26,Img_33_26.jpg,4,3
33,27,Img_33_27.jpg,4,3
33,28,Img_33_28.jpg,4,3
33,29,Img_33_29.jpg,4,3
33,30,Img_33_30.jpg,4,3
33,31,Img_33_31.jpg,4,3
33,32,Img_33_32.jpg,4,4
33,33,Img_33_33.jpg,4,4
33,34,Img_33_34.jpg,4,4
33,35,Img_33_35.jpg,4,4
33,36,Img_33_36.jpg,4,4
33,37,Img_33_37.jpg,4,4
33,38,Img_33_38.jpg,4,4
33,39,Img_33_39.jpg,4,4
33,40,Img_33_40.jpg,4,5
33,41,Img_33_41.jpg,4,5
33,42,Img_33_42.jpg,4,5
33,43,Img_33_43.jpg,4,5
33,44,Img_33_44.jpg,4,5
33,45,Img_33_45.jpg,4,5
33,46,Img_33_46.jpg,4,5
33,47,Img_33_47.jpg,4,5
33,48,Img_33_48.jpg,4,6
33,49,Img_33_49.jpg,4,6
33,50,Img_33_50.jpg,4,6
33,51,Img_33_51.jpg,4,6
33,52,Img_33_52.jpg,4,6
33,53,Img_33_53.jpg,4,6
33,54,Img_33_54.jpg,4,6
33,55,Img_33_55.jpg,4,6
33,56,Img_33_56.jpg,4,7
33,57,Img_33_57.jpg,4,7
33,58,Img_33_58.jpg,4,7
33,59,Img_33_59.jpg,4,7
33,60,Img_33_60.jpg,4,7
33,61,Img_33_61.jpg,4,7
33,62,Img_33_62.jpg,4,7
33,63,Img_33_63.jpg,4,7
33,64,Img_33_64.jpg,4,8
33,65,Img_33_65.jpg,4,8
33,66,Img_33_66.jpg,4,8
33,67,Img_33_67.jpg,4,8
33,68,Img_33_68.jpg,4,8
33,69,Img_33_69.jpg,4,8
33,70,Img_33_70.jpg,4,8
33,71,Img_33_71.jpg,4,8
33,72,Img_33_72.jpg,4,9
33,73,Img_33_73.jpg,4,9
33,74,Img_33_74.jpg,4,9
33,75,Img_33_75.jpg,4,9
33,76,Img_33_76.jpg,4,9
33,77,Img_33_77.jpg,4,9
33,78,Img_33_78.jpg,4,9
33,79,Img_33_79.jpg,4,9
33,80,Img_33_80.jpg,4,10
33,81,Img_33_81.jpg,4,10
33,82,Img_33_82.jpg,4,10
33,83,Img_33_83.jpg,4,10
33,84,Img_33_84.jpg,4,10
33,85,Img_33_85.jpg,4,10
33,86,Img_33_86.jpg,4,10
33,87,Img_33_87.jpg,4,10
34,0,Img_34_0.jpg,4,0
34,1,Img_34_1.jpg,4,0
34,2,Img_34_2.jpg,4,0
34,3,Img_34_3.jpg,4,0
34,4,Img_34_4.jpg,4,0
34,5,Img_34_5.jpg,4,0
34,6,Img_34_6.jpg,4,0
34,7,Img_34_7.jpg,4,0
34,8,Img_34_8.jpg,4,1
34,9,Img_34_9.jpg,4,1
34,10,Img_34_10.jpg,4,1
34,11,Img_34_11.jpg,4,1
34,12,Img_34_12.jpg,4,1
34,13,Img_34_13.jpg,4,1
34,14,Img_34_14.jpg,4,1
34,15,Img_34_15.jpg,4,1
34,16,Img_34_16.jpg,4,2
34,17,Img_34_17.jpg,4,2
34,18,Img_34_18.jpg,4,2
34,19,Img_34_19.jpg,4,2
34,20,Img_34_20.jpg,4,2
34,21,Img_34_21.jpg,4,2
34,22,Img_34_22.jpg,4,2
34,23,Img_34_23.jpg,4,2
34,24,Img_34_24.jpg,4,3
34,25,Img_34_25.jpg,4,3
34,26,Img_34_26.jpg,4,3
34,27,Img_34_27.jpg,4,3
34,28,Img_34_28.jpg,4,3
34,29,Img_34_29.jpg,4,3
34,30,Img_34_30.jpg,4,3
34,31,Img_34_31.jpg,4,3
34,32,Img_34_32.jpg,4,4
34,33,Img_34_33.jpg,4,4
34,34,Img_34_34.jpg,4,4
34,35,Img_34_35.jpg,4,4
34,36,Img_34_36.jpg,4,4
34,37,Img_34_37.jpg,4,4
34,38,Img_34_38.jpg,4,4
34,39,Img_34_39.jpg,4,4
34,40,Img_34_40.jpg,4,5
34,41,Img_34_41.jpg,4,5
34,42,Img_34_42.jpg,4,5
34,43,Img_34_43.jpg,4,5
34,44,Img_34_44.jpg,4,5
34,45,Img_34_45.jpg,4,5
34,46,Img_34_46.jpg,4,5
34,47,Img_34_47.jpg,4,5
34,48,Img_34_48.jpg,4,6
34,49,Img_34_49.jpg,4,6
34,50,Img_34_50.jpg,4,6
34,51,Img_34_51.jpg,4,6
34,52,Img_34_52.jpg,4,6
34,53,Img_34_53.jpg,4,6
34,54,Img_34_54.jpg,4,6
34,55,Img_34_55.jpg,4,6
34,56,Img_34_56.jpg,4,7
34,57,Img_34_57.jpg,4,7
34,58,Img_34_58.jpg,4,7
34,59,Img_34_59.jpg,4,7
34,60,Img_34_60.jpg,4,7
34,61,Img_34_61.jpg,4,7
34,62,Img_34_62.jpg,4,7
34,63,Img_34_63.jpg,4,7
34,64,Img_34_64.jpg,4,8
34,65,Img_34_65.jpg,4,8
34,66,Img_34_66.jpg,4,8
34,67,Img_34_67.jpg,4,8
34,68,Img_34_68.jpg,4,8
34,69,Img_34_69.jpg,4,8
34,70,Img_34_70.jpg,4,8
34,71,Img_34_71.jpg,4,8
34,72,Img_34_72.jpg,4,9
34,73,Img_34_73.jpg,4,9
34,74,Img_34_74.jpg,4,9
34,75,Img_34_75.jpg,4,9
34,76,Img_34_76.jpg,4,9
34,77,Img_34_77.jpg,4,9
34,78,Img_34_78.jpg,4,9
34,79,Img_34_79.jpg,4,9
34,80,Img_34_80.jpg,4,10
34,81,Img_34_81.jpg,4,10
34,82,Img_34_82.jpg,4,10
34,83,Img_34_83.jpg,4,10
34,84,Img_34_84.jpg,4,10
34,85,Img_34_85.jpg,4,10
34,86,Img_34_86.jpg,4,10
34,87,Img_34_87.jpg,4,10
35,0,Img_35_0.jpg,4,0
35,1,Img_35_1.jpg,4,0
35,2,Img_35_2.jpg,4,0
35,3,Img_35_3.jpg,4,0
35,4,Img_35_4.jpg,4,0
35,5,Img_35_5.jpg,4,0
35,6,Img_35_6.jpg,4,0
35,7,Img_35_7.jpg,4,0
35,8,Img_35_8.jpg,4,1
35,9,Img_35_9.jpg,4,1
35,10,Img_35_10.jpg,4,1
35,11,Img_35_11.jpg,4,1
35,12,Img_35_12.jpg,4,1
35,13,Img_35_13.jpg,4,1
35,14,Img_35_14.jpg,4,1
35,15,Img_35_15.jpg,4,1
35,16,Img_35_16.jpg,4,2
35,17,Img_35_17.jpg,4,2
35,18,Img_35_18.jpg,4,2
35,19,Img_35_19.jpg,4,2
35,20,Img_35_20.jpg,4,2
35,21,Img_35_21.jpg,4,2
35,22,Img_35_22.jpg,4,2
35,23,Img_35_23.jpg,4,2
35,24,Img_35_24.jpg,4,3
35,25,Img_35_25.jpg,4,3
35,26,Img_35_26.jpg,4,3
35,27,Img_35_27.jpg,4,3
35,28,Img_35_28.jpg,4,3
35,29,Img_35_29.jpg,4,3
35,30,Img_35_30.jpg,4,3
35,31,Img_35_31.jpg,4,3
35,32,Img_35_32.jpg,4,4
35,33,Img_35_33.jpg,4,4
35,34,Img_35_34.jpg,4,4
35,35,Img_35_35.jpg,4,4
35,36,Img_35_36.jpg,4,4
35,37,Img_35_37.jpg,4,4
35,38,Img_35_38.jpg,4,4
35,39,Img_35_39.jpg,4,4
35,40,Img_35_40.jpg,4,5
35,41,Img_35_41.jpg,4,5
35,42,Img_35_42.jpg,4,5
35,43,Img_35_43.jpg,4,5
35,44,Img_35_44.jpg,4,5
35,45,Img_35_45.jpg,4,5
35,46,Img_35_46.jpg,4,5
35,47,Img_35_47.jpg,4,5
35,48,Img_35_48.jpg,4,6
35,49,Img_35_49.jpg,4,6
35,50,Img_35_50.jpg,4,6
35,51,Img_35_51.jpg,4,6
35,52,Img_35_52.jpg,4,6
35,53,Img_35_53.jpg,4,6
35,54,Img_35_54.jpg,4,6
35,55,Img_35_55.jpg,4,6
35,56,Img_35_56.jpg,4,7
35,57,Img_35_57.jpg,4,7
35,58,Img_35_58.jpg,4,7
35,59,Img_35_59.jpg,4,7
35,60,Img_35_60.jpg,4,7
35,61,Img_35_61.jpg,4,7
35,62,Img_35_62.jpg,4,7
35,63,Img_35_63.jpg,4,7
35,64,Img_35_64.jpg,4,8
35,65,Img_35_65.jpg,4,8
35,66,Img_35_66.jpg,4,8
35,67,Img_35_67.jpg,4,8
35,68,Img_35_68.jpg,4,8
35,69,Img_35_69.jpg,4,8
35,70,Img_35_70.jpg,4,8
35,71,Img_35_71.jpg,4,8
35,72,Img_35_72.jpg,4,9
35,73,Img_35_73.jpg,4,9
35,74,Img_35_74.jpg,4,9
35,75,Img_35_75.jpg,4,9
35,76,Img_35_76.jpg,4,9
35,77,Img_35_77.jpg,4,9
35,78,Img_35_78.jpg,4,9
35,79,Img_35_79.jpg,4,9
35,80,Img_35_80.jpg,4,10
35,81,Img_35_81.jpg,4,10
35,82,Img_35_82.jpg,4,10
35,83,Img_35_83.jpg,4,10
35,84,Img_35_84.jpg,4,10
35,85,Img_35_85.jpg,4,10
35,86,Img_35_86.jpg,4,10
35,87,Img_35_87.jpg,4,10
36,0,Img_36_0.jpg,4,0
36,1,Img_36_1.jpg,4,0
36,2,Img_36_2.jpg,4,0
36,3,Img_36_3.jpg,4,0
36,4,Img_36_4.jpg,4,0
36,5,Img_36_5.jpg,4,0
36,6,Img_36_6.jpg,4,0
36,7,Img_36_7.jpg,4,0
36,8,Img_36_8.jpg,4,1
36,9,Img_36_9.jpg,4,1
36,10,Img_36_10.jpg,4,1
36,11,Img_36_11.jpg,4,1
36,12,Img_36_12.jpg,4,1
36,13,Img_36_13.jpg,4,1
36,14,Img_36_14.jpg,4,1
36,15,Img_36_15.jpg,4,1
36,16,Img_36_16.jpg,4,2
36,17,Img_36_17.jpg,4,2
36,18,Img_36_18.jpg,4,2
36,19,Img_36_19.jpg,4,2
36,20,Img_36_20.jpg,4,2
36,21,Img_36_21.jpg,4,2
36,22,Img_36_22.jpg,4,2
36,23,Img_36_23.jpg,4,2
36,24,Img_36_24.jpg,4,3
36,25,Img_36_25.jpg,4,3
36,26,Img_36_26.jpg,4,3
36,27,Img_36_27.jpg,4,3
36,28,Img_36_28.jpg,4,3
36,29,Img_36_29.jpg,4,3
36,30,Img_36_30.jpg,4,3
36,31,Img_36_31.jpg,4,3
36,32,Img_36_32.jpg,4,4
36,33,Img_36_33.jpg,4,4
36,34,Img_36_34.jpg,4,4
36,35,Img_36_35.jpg,4,4
36,36,Img_36_36.jpg,4,4
36,37,Img_36_37.jpg,4,4
36,38,Img_36_38.jpg,4,4
36,39,Img_36_39.jpg,4,4
36,40,Img_36_40.jpg,4,5
36,41,Img_36_41.jpg,4,5
36,42,Img_36_42.jpg,4,5
36,43,Img_36_43.jpg,4,5
36,44,Img_36_44.jpg,4,5
36,45,Img_36_45.jpg,4,5
36,46,Img_36_46.jpg,4,5
36,47,Img_36_47.jpg,4,5
36,48,Img_36_48.jpg,4,6
36,49,Img_36_49.jpg,4,6
36,50,Img_36_50.jpg,4,6
36,51,Img_36_51.jpg,4,6
36,52,Img_36_52.jpg,4,6
36,53,Img_36_53.jpg,4,6
36,54,Img_36_54.jpg,4,6
36,55,Img_36_55.jpg,4,6
36,56,Img_36_56.jpg,4,7
36,57,Img_36_57.jpg,4,7
36,58,Img_36_58.jpg,4,7
36,59,Img_36_59.jpg,4,7
36,60,Img_36_60.jpg,4,7
36,61,Img_36_61.jpg,4,7
36,62,Img_36_62.jpg,4,7
36,63,Img_36_63.jpg,4,7
36,64,Img_36_64.jpg,4,8
36,65,Img_36_65.jpg,4,8
36,66,Img_36_66.jpg,4,8
36,67,Img_36_67.jpg,4,8
36,68,Img_36_68.jpg,4,8
36,69,Img_36_69.jpg,4,8
36,70,Img_36_70.jpg,4,8
36,71,Img_36_71.jpg,4,8
36,72,Img_36_72.jpg,4,9
36,73,Img_36_73.jpg,4,9
36,74,Img_36_74.jpg,4,9
36,75,Img_36_75.jpg,4,9
36,76,Img_36_76.jpg,4,9
36,77,Img_36_77.jpg,4,9
36,78,Img_36_78.jpg,4,9
36,79,Img_36_79.jpg,4,9
36,80,Img_36_80.jpg,4,10
36,81,Img_36_81.jpg,4,10
36,82,Img_36_82.jpg,4,10
36,83,Img_36_83.jpg,4,10
36,84,Img_36_84.jpg,4,10
36,85,Img_36_85.jpg,4,10
36,86,Img_36_86.jpg,4,10
36,87,Img_36_87.jpg,4,10
37,0,Img_37_0.jpg,4,0
37,1,Img_37_1.jpg,4,0
37,2,Img_37_2.jpg,4,0
37,3,Img_37_3.jpg,4,0
37,4,Img_37_4.jpg,4,0
37,5,Img_37_5.jpg,4,0
37,6,Img_37_6.jpg,4,0
37,7,Img_37_7.jpg,4,0
37,8,Img_37_8.jpg,4,1
37,9,Img_37_9.jpg,4,1
37,10,Img_37_10.jpg,4,1
37,11,Img_37_11.jpg,4,1
37,12,Img_37_12.jpg,4,1
37,13,Img_37_13.jpg,4,1
37,14,Img_37_14.jpg,4,1
37,15,Img_37_15.jpg,4,1
37,16,Img_37_16.jpg,4,2
37,17,Img_37_17.jpg,4,2
37,18,Img_37_18.jpg,4,2
37,19,Img_37_19.jpg,4,2
37,20,Img_37_20.jpg,4,2
37,21,Img_37_21.jpg,4,2
37,22,Img_37_22.jpg,4,2
37,23,Img_37_23.jpg,4,2
37,24,Img_37_24.jpg,4,3
37,25,Img_37_25.jpg,4,3
37,26,Img_37_26.jpg,4,3
37,27,Img_37_27.jpg,4,3
37,28,Img_37_28.jpg,4,3
37,29,Img_37_29.jpg,4,3
37,30,Img_37_30.jpg,4,3
37,31,Img_37_31.jpg,4,3
37,32,Img_37_32.jpg,4,4
37,33,Img_37_33.jpg,4,4
37,34,Img_37_34.jpg,4,4
37,35,Img_37_35.jpg,4,4
37,36,Img_37_36.jpg,4,4
37,37,Img_37_37.jpg,4,4
37,38,Img_37_38.jpg,4,4
37,39,Img_37_39.jpg,4,4
37,40,Img_37_40.jpg,4,5
37,41,Img_37_41.jpg,4,5
37,42,Img_37_42.jpg,4,5
37,43,Img_37_43.jpg,4,5
37,44,Img_37_44.jpg,4,5
37,45,Img_37_45.jpg,4,5
37,46,Img_37_46.jpg,4,5
37,47,Img_37_47.jpg,4,5
37,48,Img_37_48.jpg,4,6
37,49,Img_37_49.jpg,4,6
37,50,Img_37_50.jpg,4,6
37,51,Img_37_51.jpg,4,6
37,52,Img_37_52.jpg,4,6
37,53,Img_37_53.jpg,4,6
37,54,Img_37_54.jpg,4,6
37,55,Img_37_55.jpg,4,6
37,56,Img_37_56.jpg,4,7
37,57,Img_37_57.jpg,4,7
37,58,Img_37_58.jpg,4,7
37,59,Img_37_59.jpg,4,7
37,60,Img_37_60.jpg,4,7
37,61,Img_37_61.jpg,4,7
37,62,Img_37_62.jpg,4,7
37,63,Img_37_63.jpg,4,7
37,64,Img_37_64.jpg,4,8
37,65,Img_37_65.jpg,4,8
37,66,Img_37_66.jpg,4,8
37,67,Img_37_67.jpg,4,8
37,68,Img_37_68.jpg,4,8
37,69,Img_37_69.jpg,4,8
37,70,Img_37_70.jpg,4,8
37,71,Img_37_71.jpg,4,8
37,72,Img_37_72.jpg,4,9
37,73,Img_37_73.jpg,4,9
37,74,Img_37_74.jpg,4,9
37,75,Img_37_75.jpg,4,9
37,76,Img_37_76.jpg,4,9
37,77,Img_37_77.jpg,4,9
37,78,Img_37_78.jpg,4,9
37,79,Img_37_79.jpg,4,9
37,80,Img_37_80.jpg,4,10
37,81,Img_37_81.jpg,4,10
37,82,Img_37_82.jpg,4,10
37,83,Img_37_83.jpg,4,10
37,84,Img_37_84.jpg,4,10
37,85,Img_37_85.jpg,4,10
37,86,Img_37_86.jpg,4,10
37,87,Img_37_87.jpg,4,10
38,0,Img_38_0.jpg,4,0
38,1,Img_38_1.jpg,4,0
38,2,Img_38_2.jpg,4,0
38,3,Img_38_3.jpg,4,0
38,4,Img_38_4.jpg,4,0
38,5,Img_38_5.jpg,4,0
38,6,Img_38_6.jpg,4,0
38,7,Img_38_7.jpg,4,0
38,8,Img_38_8.jpg,4,1
38,9,Img_38_9.jpg,4,1
38,10,Img_38_10.jpg,4,1
38,11,Img_38_11.jpg,4,1
38,12,Img_38_12.jpg,4,1
38,13,Img_38_13.jpg,4,1
38,14,Img_38_14.jpg,4,1
38,15,Img_38_15.jpg,4,1
38,16,Img_38_16.jpg,4,2
38,17,Img_38_17.jpg,4,2
38,18,Img_38_18.jpg,4,2
38,19,Img_38_19.jpg,4,2
38,20,Img_38_20.jpg,4,2
38,21,Img_38_21.jpg,4,2
38,22,Img_38_22.jpg,4,2
38,23,Img_38_23.jpg,4,2
38,24,Img_38_24.jpg,4,3
38,25,Img_38_25.jpg,4,3
38,26,Img_38_26.jpg,4,3
38,27,Img_38_27.jpg,4,3
38,28,Img_38_28.jpg,4,3
38,29,Img_38_29.jpg,4,3
38,30,Img_38_30.jpg,4,3
38,31,Img_38_31.jpg,4,3
38,32,Img_38_32.jpg,4,4
38,33,Img_38_33.jpg,4,4
38,34,Img_38_34.jpg,4,4
38,35,Img_38_35.jpg,4,4
38,36,Img_38_36.jpg,4,4
38,37,Img_38_37.jpg,4,4
38,38,Img_38_38.jpg,4,4
38,39,Img_38_39.jpg,4,4
38,40,Img_38_40.jpg,4,5
38,41,Img_38_41.jpg,4,5
38,42,Img_38_42.jpg,4,5
38,43,Img_38_43.jpg,4,5
38,44,Img_38_44.jpg,4,5
38,45,Img_38_45.jpg,4,5
38,46,Img_38_46.jpg,4,5
38,47,Img_38_47.jpg,4,5
38,48,Img_38_48.jpg,4,6
38,49,Img_38_49.jpg,4,6
38,50,Img_38_50.jpg,4,6
38,51,Img_38_51.jpg,4,6
38,52,Img_38_52.jpg,4,6
38,53,Img_38_53.jpg,4,6
38,54,Img_38_54.jpg,4,6
38,55,Img_38_55.jpg,4,6
38,56,Img_38_56.jpg,4,7
38,57,Img_38_57.jpg,4,7
38,58,Img_38_58.jpg,4,7
38,59,Img_38_59.jpg,4,7
38,60,Img_38_60.jpg,4,7
38,61,Img_38_61.jpg,4,7
38,62,Img_38_62.jpg,4,7
38,63,Img_38_63.jpg,4,7
38,64,Img_38_64.jpg,4,8
38,65,Img_38_65.jpg,4,8
38,66,Img_38_66.jpg,4,8
38,67,Img_38_67.jpg,4,8
38,68,Img_38_68.jpg,4,8
38,69,Img_38_69.jpg,4,8
38,70,Img_38_70.jpg,4,8
38,71,Img_38_71.jpg,4,8
38,72,Img_38_72.jpg,4,9
38,73,Img_38_73.jpg,4,9
38,74,Img_38_74.jpg,4,9
38,75,Img_38_75.jpg,4,9
38,76,Img_38_76.jpg,4,9
38,77,Img_38_77.jpg,4,9
38,78,Img_38_78.jpg,4,9
38,79,Img_38_79.jpg,4,9
38,80,Img_38_80.jpg,4,10
38,81,Img_38_81.jpg,4,10
38,82,Img_38_82.jpg,4,10
38,83,Img_38_83.jpg,4,10
38,84,Img_38_84.jpg,4,10
38,85,Img_38_85.jpg,4,10
38,86,Img_38_86.jpg,4,10
38,87,Img_38_87.jpg,4,10
39,0,Img_39_0.jpg,4,0
39,1,Img_39_1.jpg,4,0
39,2,Img_39_2.jpg,4,0
39,3,Img_39_3.jpg,4,0
39,4,Img_39_4.jpg,4,0
39,5,Img_39_5.jpg,4,0
39,6,Img_39_6.jpg,4,0
39,7,Img_39_7.jpg,4,0
39,8,Img_39_8.jpg,4,1
39,9,Img_39_9.jpg,4,1
39,10,Img_39_10.jpg,4,1
39,11,Img_39_11.jpg,4,1
39,12,Img_39_12.jpg,4,1
39,13,Img_39_13.jpg,4,1
39,14,Img_39_14.jpg,4,1
39,15,Img_39_15.jpg,4,1
39,16,Img_39_16.jpg,4,2
39,17,Img_39_17.jpg,4,2
39,18,Img_39_18.jpg,4,2
39,19,Img_39_19.jpg,4,2
39,20,Img_39_20.jpg,4,2
39,21,Img_39_21.jpg,4,2
39,22,Img_39_22.jpg,4,2
39,23,Img_39_23.jpg,4,2
39,24,Img_39_24.jpg,4,3
39,25,Img_39_25.jpg,4,3
39,26,Img_39_26.jpg,4,3
39,27,Img_39_27.jpg,4,3
39,28,Img_39_28.jpg,4,3
39,29,Img_39_29.jpg,4,3
39,30,Img_39_30.jpg,4,3
39,31,Img_39_31.jpg,4,3
39,32,Img_39_32.jpg,4,4
39,33,Img_39_33.jpg,4,4
39,34,Img_39_34.jpg,4,4
39,35,Img_39_35.jpg,4,4
39,36,Img_39_36.jpg,4,4
39,37,Img_39_37.jpg,4,4
39,38,Img_39_38.jpg,4,4
39,39,Img_39_39.jpg,4,4
39,40,Img_39_40.jpg,4,5
39,41,Img_39_41.jpg,4,5
39,42,Img_39_42.jpg,4,5
39,43,Img_39_43.jpg,4,5
39,44,Img_39_44.jpg,4,5
39,45,Img_39_45.jpg,4,5
39,46,Img_39_46.jpg,4,5
39,47,Img_39_47.jpg,4,5
39,48,Img_39_48.jpg,4,6
39,49,Img_39_49.jpg,4,6
39,50,Img_39_50.jpg,4,6
39,51,Img_39_51.jpg,4,6
39,52,Img_39_52.jpg,4,6
39,53,Img_39_53.jpg,4,6
39,54,Img_39_54.jpg,4,6
39,55,Img_39_55.jpg,4,6
39,56,Img_39_56.jpg,4,7
39,57,Img_39_57.jpg,4,7
39,58,Img_39_58.jpg,4,7
39,59,Img_39_59.jpg,4,7
39,60,Img_39_60.jpg,4,7
39,61,Img_39_61.jpg,4,7
39,62,Img_39_62.jpg,4,7
39,63,Img_39_63.jpg,4,7
39,64,Img_39_64.jpg,4,8
39,65,Img_39_65.jpg,4,8
39,66,Img_39_66.jpg,4,8
39,67,Img_39_67.jpg,4,8
39,68,Img_39_68.jpg,4,8
39,69,Img_39_69.jpg,4,8
39,70,Img_39_70.jpg,4,8
39,71,Img_39_71.jpg,4,8
39,72,Img_39_72.jpg,4,9
39,73,Img_39_73.jpg,4,9
39,74,Img_39_74.jpg,4,9
39,75,Img_39_75.jpg,4,9
39,76,Img_39_76.jpg,4,9
39,77,Img_39_77.jpg,4,9
39,78,Img_39_78.jpg,4,9
39,79,Img_39_79.jpg,4,9
39,80,Img_39_80.jpg,4,10
39,81,Img_39_81.jpg,4,10
39,82,Img_39_82.jpg,4,10
39,83,Img_39_83.jpg,4,10
39,84,Img_39_84.jpg,4,10
39,85,Img_39_85.jpg,4,10
39,86,Img_39_86.jpg,4,10
39,87,Img_39_87.jpg,4,10
40,0,Img_40_0.jpg,5,0
40,1,Img_40_1.jpg,5,0
40,2,Img_40_2.jpg,5,0
40,3,Img_40_3.jpg,5,0
40,4,Img_40_4.jpg,5,0
40,5,Img_40_5.jpg,5,0
40,6,Img_40_6.jpg,5,0
40,7,Img_40_7.jpg,5,0
40,8,Img_40_8.jpg,5,1
40,9,Img_40_9.jpg,5,1
40,10,Img_40_10.jpg,5,1
40,11,Img_40_11.jpg,5,1
40,12,Img_40_12.jpg,5,1
40,13,Img_40_13.jpg,5,1
40,14,Img_40_14.jpg,5,1
40,15,Img_40_15.jpg,5,1
40,16,Img_40_16.jpg,5,2
40,17,Img_40_17.jpg,5,2
40,18,Img_40_18.jpg,5,2
40,19,Img_40_19.jpg,5,2
40,20,Img_40_20.jpg,5,2
40,21,Img_40_21.jpg,5,2
40,22,Img_40_22.jpg,5,2
40,23,Img_40_23.jpg,5,2
40,24,Img_40_24.jpg,5,3
40,25,Img_40_25.jpg,5,3
40,26,Img_40_26.jpg,5,3
40,27,Img_40_27.jpg,5,3
40,28,Img_40_28.jpg,5,3
40,29,Img_40_29.jpg,5,3
40,30,Img_40_30.jpg,5,3
40,31,Img_40_31.jpg,5,3
40,32,Img_40_32.jpg,5,4
40,33,Img_40_33.jpg,5,4
40,34,Img_40_34.jpg,5,4
40,35,Img_40_35.jpg,5,4
40,36,Img_40_36.jpg,5,4
40,37,Img_40_37.jpg,5,4
40,38,Img_40_38.jpg,5,4
40,39,Img_40_39.jpg,5,4
40,40,Img_40_40.jpg,5,5
40,41,Img_40_41.jpg,5,5
40,42,Img_40_42.jpg,5,5
40,43,Img_40_43.jpg,5,5
40,44,Img_40_44.jpg,5,5
40,45,Img_40_45.jpg,5,5
40,46,Img_40_46.jpg,5,5
40,47,Img_40_47.jpg,5,5
40,48,Img_40_48.jpg,5,6
40,49,Img_40_49.jpg,5,6
40,50,Img_40_50.jpg,5,6
40,51,Img_40_51.jpg,5,6
40,52,Img_40_52.jpg,5,6
40,53,Img_40_53.jpg,5,6
40,54,Img_40_54.jpg,5,6
40,55,Img_40_55.jpg,5,6
40,56,Img_40_56.jpg,5,7
40,57,Img_40_57.jpg,5,7
40,58,Img_40_58.jpg,5,7
40,59,Img_40_59.jpg,5,7
40,60,Img_40_60.jpg,5,7
40,61,Img_40_61.jpg,5,7
40,62,Img_40_62.jpg,5,7
40,63,Img_40_63.jpg,5,7
40,64,Img_40_64.jpg,5,8
40,65,Img_40_65.jpg,5,8
40,66,Img_40_66.jpg,5,8
40,67,Img_40_67.jpg,5,8
40,68,Img_40_68.jpg,5,8
40,69,Img_40_69.jpg,5,8
40,70,Img_40_70.jpg,5,8
40,71,Img_40_71.jpg,5,8
40,72,Img_40_72.jpg,5,9
40,73,Img_40_73.jpg,5,9
40,74,Img_40_74.jpg,5,9
40,75,Img_40_75.jpg,5,9
40,76,Img_40_76.jpg,5,9
40,77,Img_40_77.jpg,5,9
40,78,Img_40_78.jpg,5,9
40,79,Img_40_79.jpg,5,9
40,80,Img_40_80.jpg,5,10
40,81,Img_40_81.jpg,5,10
40,82,Img_40_82.jpg,5,10
40,83,Img_40_83.jpg,5,10
40,84,Img_40_84.jpg,5,10
40,85,Img_40_85.jpg,5,10
40,86,Img_40_86.jpg,5,10
40,87,Img_40_87.jpg,5,10
41,0,Img_41_0.jpg,5,0
41,1,Img_41_1.jpg,5,0
41,2,Img_41_2.jpg,5,0
41,3,Img_41_3.jpg,5,0
41,4,Img_41_4.jpg,5,0
41,5,Img_41_5.jpg,5,0
41,6,Img_41_6.jpg,5,0
41,7,Img_41_7.jpg,5,0
41,8,Img_41_8.jpg,5,1
41,9,Img_41_9.jpg,5,1
41,10,Img_41_10.jpg,5,1
41,11,Img_41_11.jpg,5,1
41,12,Img_41_12.jpg,5,1
41,13,Img_41_13.jpg,5,1
41,14,Img_41_14.jpg,5,1
41,15,Img_41_15.jpg,5,1
41,16,Img_41_16.jpg,5,2
41,17,Img_41_17.jpg,5,2
41,18,Img_41_18.jpg,5,2
41,19,Img_41_19.jpg,5,2
41,20,Img_41_20.jpg,5,2
41,21,Img_41_21.jpg,5,2
41,22,Img_41_22.jpg,5,2
41,23,Img_41_23.jpg,5,2
41,24,Img_41_24.jpg,5,3
41,25,Img_41_25.jpg,5,3
41,26,Img_41_26.jpg,5,3
41,27,Img_41_27.jpg,5,3
41,28,Img_41_28.jpg,5,3
41,29,Img_41_29.jpg,5,3
41,30,Img_41_30.jpg,5,3
41,31,Img_41_31.jpg,5,3
41,32,Img_41_32.jpg,5,4
41,33,Img_41_33.jpg,5,4
41,34,Img_41_34.jpg,5,4
41,35,Img_41_35.jpg,5,4
41,36,Img_41_36.jpg,5,4
41,37,Img_41_37.jpg,5,4
41,38,Img_41_38.jpg,5,4
41,39,Img_41_39.jpg,5,4
41,40,Img_41_40.jpg,5,5
41,41,Img_41_41.jpg,5,5
41,42,Img_41_42.jpg,5,5
41,43,Img_41_43.jpg,5,5
41,44,Img_41_44.jpg,5,5
41,45,Img_41_45.jpg,5,5
41,46,Img_41_46.jpg,5,5
41,47,Img_41_47.jpg,5,5
41,48,Img_41_48.jpg,5,6
41,49,Img_41_49.jpg,5,6
41,50,Img_41_50.jpg,5,6
41,51,Img_41_51.jpg,5,6
41,52,Img_41_52.jpg,5,6
41,53,Img_41_53.jpg,5,6
41,54,Img_41_54.jpg,5,6
41,55,Img_41_55.jpg,5,6
41,56,Img_41_56.jpg,5,7
41,57,Img_41_57.jpg,5,7
41,58,Img_41_58.jpg,5,7
41,59,Img_41_59.jpg,5,7
41,60,Img_41_60.jpg,5,7
41,61,Img_41_61.jpg,5,7
41,62,Img_41_62.jpg,5,7
41,63,Img_41_63.jpg,5,7
41,64,Img_41_64.jpg,5,8
41,65,Img_41_65.jpg,5,8
41,66,Img_41_66.jpg,5,8
41,67,Img_41_67.jpg,5,8
41,68,Img_41_68.jpg,5,8
41,69,Img_41_69.jpg,5,8
41,70,Img_41_70.jpg,5,8
41,71,Img_41_71.jpg,5,8
41,72,Img_41_72.jpg,5,9
41,73,Img_41_73.jpg,5,9
41,74,Img_41_74.jpg,5,9
41,75,Img_41_75.jpg,5,9
41,76,Img_41_76.jpg,5,9
41,77,Img_41_77.jpg,5,9
41,78,Img_41_78.jpg,5,9
41,79,Img_41_79.jpg,5,9
41,80,Img_41_80.jpg,5,10
41,81,Img_41_81.jpg,5,10
41,82,Img_41_82.jpg,5,10
41,83,Img_41_83.jpg,5,10
41,84,Img_41_84.jpg,5,10
41,85,Img_41_85.jpg,5,10
41,86,Img_41_86.jpg,5,10
41,87,Img_41_87.jpg,5,10
42,0,Img_42_0.jpg,5,0
42,1,Img_42_1.jpg,5,0
42,2,Img_42_2.jpg,5,0
42,3,Img_42_3.jpg,5,0
42,4,Img_42_4.jpg,5,0
42,5,Img_42_5.jpg,5,0
42,6,Img_42_6.jpg,5,0
42,7,Img_42_7.jpg,5,0
42,8,Img_42_8.jpg,5,1
42,9,Img_42_9.jpg,5,1
42,10,Img_42_10.jpg,5,1
42,11,Img_42_11.jpg,5,1
42,12,Img_42_12.jpg,5,1
42,13,Img_42_13.jpg,5,1
42,14,Img_42_14.jpg,5,1
42,15,Img_42_15.jpg,5,1
42,16,Img_42_16.jpg,5,2
42,17,Img_42_17.jpg,5,2
42,18,Img_42_18.jpg,5,2
42,19,Img_42_19.jpg,5,2
42,20,Img_42_20.jpg,5,2
42,21,Img_42_21.jpg,5,2
42,22,Img_42_22.jpg,5,2
42,23,Img_42_23.jpg,5,2
42,24,Img_42_24.jpg,5,3
42,25,Img_42_25.jpg,5,3
42,26,Img_42_26.jpg,5,3
42,27,Img_42_27.jpg,5,3
42,28,Img_42_28.jpg,5,3
42,29,Img_42_29.jpg,5,3
42,30,Img_42_30.jpg,5,3
42,31,Img_42_31.jpg,5,3
42,32,Img_42_32.jpg,5,4
42,33,Img_42_33.jpg,5,4
42,34,Img_42_34.jpg,5,4
42,35,Img_42_35.jpg,5,4
42,36,Img_42_36.jpg,5,4
42,37,Img_42_37.jpg,5,4
42,38,Img_42_38.jpg,5,4
42,39,Img_42_39.jpg,5,4
42,40,Img_42_40.jpg,5,5
42,41,Img_42_41.jpg,5,5
42,42,Img_42_42.jpg,5,5
42,43,Img_42_43.jpg,5,5
42,44,Img_42_44.jpg,5,5
42,45,Img_42_45.jpg,5,5
42,46,Img_42_46.jpg,5,5
42,47,Img_42_47.jpg,5,5
42,48,Img_42_48.jpg,5,6
42,49,Img_42_49.jpg,5,6
42,50,Img_42_50.jpg,5,6
42,51,Img_42_51.jpg,5,6
42,52,Img_42_52.jpg,5,6
42,53,Img_42_53.jpg,5,6
42,54,Img_42_54.jpg,5,6
42,55,Img_42_55.jpg,5,6
42,56,Img_42_56.jpg,5,7
42,57,Img_42_57.jpg,5,7
42,58,Img_42_58.jpg,5,7
42,59,Img_42_59.jpg,5,7
42,60,Img_42_60.jpg,5,7
42,61,Img_42_61.jpg,5,7
42,62,Img_42_62.jpg,5,7
42,63,Img_42_63.jpg,5,7
42,64,Img_42_64.jpg,5,8
42,65,Img_42_65.jpg,5,8
42,66,Img_42_66.jpg,5,8
42,67,Img_42_67.jpg,5,8
42,68,Img_42_68.jpg,5,8
42,69,Img_42_69.jpg,5,8
42,70,Img_42_70.jpg,5,8
42,71,Img_42_71.jpg,5,8
42,72,Img_42_72.jpg,5,9
42,73,Img_42_73.jpg,5,9
42,74,Img_42_74.jpg,5,9
42,75,Img_42_75.jpg,5,9
42,76,Img_42_76.jpg,5,9
42,77,Img_42_77.jpg,5,9
42,78,Img_42_78.jpg,5,9
42,79,Img_42_79.jpg,5,9
42,80,Img_42_80.jpg,5,10
42,81,Img_42_81.jpg,5,10
42,82,Img_42_82.jpg,5,10
42,83,Img_42_83.jpg,5,10
42,84,Img_42_84.jpg,5,10
42,85,Img_42_85.jpg,5,10
42,86,Img_42_86.jpg,5,10
42,87,Img_42_87.jpg,5,10
43,0,Img_43_0.jpg,5,0
43,1,Img_43_1.jpg,5,0
43,2,Img_43_2.jpg,5,0
43,3,Img_43_3.jpg,5,0
43,4,Img_43_4.jpg,5,0
43,5,Img_43_5.jpg,5,0
43,6,Img_43_6.jpg,5,0
43,7,Img_43_7.jpg,5,0
43,8,Img_43_8.jpg,5,1
43,9,Img_43_9.jpg,5,1
43,10,Img_43_10.jpg,5,1
43,11,Img_43_11.jpg,5,1
43,12,Img_43_12.jpg,5,1
43,13,Img_43_13.jpg,5,1
43,14,Img_43_14.jpg,5,1
43,15,Img_43_15.jpg,5,1
43,16,Img_43_16.jpg,5,2
43,17,Img_43_17.jpg,5,2
43,18,Img_43_18.jpg,5,2
43,19,Img_43_19.jpg,5,2
43,20,Img_43_20.jpg,5,2
43,21,Img_43_21.jpg,5,2
43,22,Img_43_22.jpg,5,2
43,23,Img_43_23.jpg,5,2
43,24,Img_43_24.jpg,5,3
43,25,Img_43_25.jpg,5,3
43,26,Img_43_26.jpg,5,3
43,27,Img_43_27.jpg,5,3
43,28,Img_43_28.jpg,5,3
43,29,Img_43_29.jpg,5,3
43,30,Img_43_30.jpg,5,3
43,31,Img_43_31.jpg,5,3
43,32,Img_43_32.jpg,5,4
43,33,Img_43_33.jpg,5,4
43,34,Img_43_34.jpg,5,4
43,35,Img_43_35.jpg,5,4
43,36,Img_43_36.jpg,5,4
43,37,Img_43_37.jpg,5,4
43,38,Img_43_38.jpg,5,4
43,39,Img_43_39.jpg,5,4
43,40,Img_43_40.jpg,5,5
43,41,Img_43_41.jpg,5,5
43,42,Img_43_42.jpg,5,5
43,43,Img_43_43.jpg,5,5
43,44,Img_43_44.jpg,5,5
43,45,Img_43_45.jpg,5,5
43,46,Img_43_46.jpg,5,5
43,47,Img_43_47.jpg,5,5
43,48,Img_43_48.jpg,5,6
43,49,Img_43_49.jpg,5,6
43,50,Img_43_50.jpg,5,6
43,51,Img_43_51.jpg,5,6
43,52,Img_43_52.jpg,5,6
43,53,Img_43_53.jpg,5,6
43,54,Img_43_54.jpg,5,6
43,55,Img_43_55.jpg,5,6
43,56,Img_43_56.jpg,5,7
43,57,Img_43_57.jpg,5,7
43,58,Img_43_58.jpg,5,7
43,59,Img_43_59.jpg,5,7
43,60,Img_43_60.jpg,5,7
43,61,Img_43_61.jpg,5,7
43,62,Img_43_62.jpg,5,7
43,63,Img_43_63.jpg,5,7
43,64,Img_43_64.jpg,5,8
43,65,Img_43_65.jpg,5,8
43,66,Img_43_66.jpg,5,8
43,67,Img_43_67.jpg,5,8
43,68,Img_43_68.jpg,5,8
43,69,Img_43_69.jpg,5,8
43,70,Img_43_70.jpg,5,8
43,71,Img_43_71.jpg,5,8
43,72,Img_43_72.jpg,5,9
43,73,Img_43_73.jpg,5,9
43,74,Img_43_74.jpg,5,9
43,75,Img_43_75.jpg,5,9
43,76,Img_43_76.jpg,5,9
43,77,Img_43_77.jpg,5,9
43,78,Img_43_78.jpg,5,9
43,79,Img_43_79.jpg,5,9
43,80,Img_43_80.jpg,5,10
43,81,Img_43_81.jpg,5,10
43,82,Img_43_82.jpg,5,10
43,83,Img_43_83.jpg,5,10
43,84,Img_43_84.jpg,5,10
43,85,Img_43_85.jpg,5,10
43,86,Img_43_86.jpg,5,10
43,87,Img_43_87.jpg,5,10
44,0,Img_44_0.jpg,5,0
44,1,Img_44_1.jpg,5,0
44,2,Img_44_2.jpg,5,0
44,3,Img_44_3.jpg,5,0
44,4,Img_44_4.jpg,5,0
44,5,Img_44_5.jpg,5,0
44,6,Img_44_6.jpg,5,0
44,7,Img_44_7.jpg,5,0
44,8,Img_44_8.jpg,5,1
44,9,Img_44_9.jpg,5,1
44,10,Img_44_10.jpg,5,1
44,11,Img_44_11.jpg,5,1
44,12,Img_44_12.jpg,5,1
44,13,Img_44_13.jpg,5,1
44,14,Img_44_14.jpg,5,1
44,15,Img_44_15.jpg,5,1
44,16,Img_44_16.jpg,5,2
44,17,Img_44_17.jpg,5,2
44,18,Img_44_18.jpg,5,2
44,19,Img_44_19.jpg,5,2
44,20,Img_44_20.jpg,5,2
44,21,Img_44_21.jpg,5,2
44,22,Img_44_22.jpg,5,2
44,23,Img_44_23.jpg,5,2
44,24,Img_44_24.jpg,5,3
44,25,Img_44_25.jpg,5,3
44,26,Img_44_26.jpg,5,3
44,27,Img_44_27.jpg,5,3
44,28,Img_44_28.jpg,5,3
44,29,Img_44_29.jpg,5,3
44,30,Img_44_30.jpg,5,3
44,31,Img_44_31.jpg,5,3
44,32,Img_44_32.jpg,5,4
44,33,Img_44_33.jpg,5,4
44,34,Img_44_34.jpg,5,4
44,35,Img_44_35.jpg,5,4
44,36,Img_44_36.jpg,5,4
44,37,Img_44_37.jpg,5,4
44,38,Img_44_38.jpg,5,4
44,39,Img_44_39.jpg,5,4
44,40,Img_44_40.jpg,5,5
44,41,Img_44_41.jpg,5,5
44,42,Img_44_42.jpg,5,5
44,43,Img_44_43.jpg,5,5
44,44,Img_44_44.jpg,5,5
44,45,Img_44_45.jpg,5,5
44,46,Img_44_46.jpg,5,5
44,47,Img_44_47.jpg,5,5
44,48,Img_44_48.jpg,5,6
44,49,Img_44_49.jpg,5,6
44,50,Img_44_50.jpg,5,6
44,51,Img_44_51.jpg,5,6
44,52,Img_44_52.jpg,5,6
44,53,Img_44_53.jpg,5,6
44,54,Img_44_54.jpg,5,6
44,55,Img_44_55.jpg,5,6
44,56,Img_44_56.jpg,5,7
44,57,Img_44_57.jpg,5,7
44,58,Img_44_58.jpg,5,7
44,59,Img_44_59.jpg,5,7
44,60,Img_44_60.jpg,5,7
44,61,Img_44_61.jpg,5,7
44,62,Img_44_62.jpg,5,7
44,63,Img_44_63.jpg,5,7
44,64,Img_44_64.jpg,5,8
44,65,Img_44_65.jpg,5,8
44,66,Img_44_66.jpg,5,8
44,67,Img_44_67.jpg,5,8
44,68,Img_44_68.jpg,5,8
44,69,Img_44_69.jpg,5,8
44,70,Img_44_70.jpg,5,8
44,71,Img_44_71.jpg,5,8
44,72,Img_44_72.jpg,5,9
44,73,Img_44_73.jpg,5,9
44,74,Img_44_74.jpg,5,9
44,75,Img_44_75.jpg,5,9
44,76,Img_44_76.jpg,5,9
44,77,Img_44_77.jpg,5,9
44,78,Img_44_78.jpg,5,9
44,79,Img_44_79.jpg,5,9
44,80,Img_44_80.jpg,5,10
44,81,Img_44_81.jpg,5,10
44,82,Img_44_82.jpg,5,10
44,83,Img_44_83.jpg,5,10
44,84,Img_44_84.jpg,5,10
44,85,Img_44_85.jpg,5,10
44,86,Img_44_86.jpg,5,10
44,87,Img_44_87.jpg,5,10
45,0,Img_45_0.jpg,5,0
45,1,Img_45_1.jpg,5,0
45,2,Img_45_2.jpg,5,0
45,3,Img_45_3.jpg,5,0
45,4,Img_45_4.jpg,5,0
45,5,Img_45_5.jpg,5,0
45,6,Img_45_6.jpg,5,0
45,7,Img_45_7.jpg,5,0
45,8,Img_45_8.jpg,5,1
45,9,Img_45_9.jpg,5,1
45,10,Img_45_10.jpg,5,1
45,11,Img_45_11.jpg,5,1
45,12,Img_45_12.jpg,5,1
45,13,Img_45_13.jpg,5,1
45,14,Img_45_14.jpg,5,1
45,15,Img_45_15.jpg,5,1
45,16,Img_45_16.jpg,5,2
45,17,Img_45_17.jpg,5,2
45,18,Img_45_18.jpg,5,2
45,19,Img_45_19.jpg,5,2
45,20,Img_45_20.jpg,5,2
45,21,Img_45_21.jpg,5,2
45,22,Img_45_22.jpg,5,2
45,23,Img_45_23.jpg,5,2
45,24,Img_45_24.jpg,5,3
45,25,Img_45_25.jpg,5,3
45,26,Img_45_26.jpg,5,3
45,27,Img_45_27.jpg,5,3
45,28,Img_45_28.jpg,5,3
45,29,Img_45_29.jpg,5,3
45,30,Img_45_30.jpg,5,3
45,31,Img_45_31.jpg,5,3
45,32,Img_45_32.jpg,5,4
45,33,Img_45_33.jpg,5,4
45,34,Img_45_34.jpg,5,4
45,35,Img_45_35.jpg,5,4
45,36,Img_45_36.jpg,5,4
45,37,Img_45_37.jpg,5,4
45,38,Img_45_38.jpg,5,4
45,39,Img_45_39.jpg,5,4
45,40,Img_45_40.jpg,5,5
45,41,Img_45_41.jpg,5,5
45,42,Img_45_42.jpg,5,5
45,43,Img_45_43.jpg,5,5
45,44,Img_45_44.jpg,5,5
45,45,Img_45_45.jpg,5,5
45,46,Img_45_46.jpg,5,5
45,47,Img_45_47.jpg,5,5
45,48,Img_45_48.jpg,5,6
45,49,Img_45_49.jpg,5,6
45,50,Img_45_50.jpg,5,6
45,51,Img_45_51.jpg,5,6
45,52,Img_45_52.jpg,5,6
45,53,Img_45_53.jpg,5,6
45,54,Img_45_54.jpg,5,6
45,55,Img_45_55.jpg,5,6
45,56,Img_45_56.jpg,5,7
45,57,Img_45_57.jpg,5,7
45,58,Img_45_58.jpg,5,7
45,59,Img_45_59.jpg,5,7
45,60,Img_45_60.jpg,5,7
45,61,Img_45_61.jpg,5,7
45,62,Img_45_62.jpg,5,7
45,63,Img_45_63.jpg,5,7
45,64,Img_45_64.jpg,5,8
45,65,Img_45_65.jpg,5,8
45,66,Img_45_66.jpg,5,8
45,67,Img_45_67.jpg,5,8
45,68,Img_45_68.jpg,5,8
45,69,Img_45_69.jpg,5,8
45,70,Img_45_70.jpg,5,8
45,71,Img_45_71.jpg,5,8
45,72,Img_45_72.jpg,5,9
45,73,Img_45_73.jpg,5,9
45,74,Img_45_74.jpg,5,9
45,75,Img_45_75.jpg,5,9
45,76,Img_45_76.jpg,5,9
45,77,Img_45_77.jpg,5,9
45,78,Img_45_78.jpg,5,9
45,79,Img_45_79.jpg,5,9
45,80,Img_45_80.jpg,5,10
45,81,Img_45_81.jpg,5,10
45,82,Img_45_82.jpg,5,10
45,83,Img_45_83.jpg,5,10
45,84,Img_45_84.jpg,5,10
45,85,Img_45_85.jpg,5,10
45,86,Img_45_86.jpg,5,10
45,87,Img_45_87.jpg,5,10
46,0,Img_46_0.jpg,5,0
46,1,Img_46_1.jpg,5,0
46,2,Img_46_2.jpg,5,0
46,3,Img_46_3.jpg,5,0
46,4,Img_46_4.jpg,5,0
46,5,Img_46_5.jpg,5,0
46,6,Img_46_6.jpg,5,0
46,7,Img_46_7.jpg,5,0
46,8,Img_46_8.jpg,5,1
46,9,Img_46_9.jpg,5,1
46,10,Img_46_10.jpg,5,1
46,11,Img_46_11.jpg,5,1
46,12,Img_46_12.jpg,5,1
46,13,Img_46_13.jpg,5,1
46,14,Img_46_14.jpg,5,1
46,15,Img_46_15.jpg,5,1
46,16,Img_46_16.jpg,5,2
46,17,Img_46_17.jpg,5,2
46,18,Img_46_18.jpg,5,2
46,19,Img_46_19.jpg,5,2
46,20,Img_46_20.jpg,5,2
46,21,Img_46_21.jpg,5,2
46,22,Img_46_22.jpg,5,2
46,23,Img_46_23.jpg,5,2
46,24,Img_46_24.jpg,5,3
46,25,Img_46_25.jpg,5,3
46,26,Img_46_26.jpg,5,3
46,27,Img_46_27.jpg,5,3
46,28,Img_46_28.jpg,5,3
46,29,Img_46_29.jpg,5,3
46,30,Img_46_30.jpg,5,3
46,31,Img_46_31.jpg,5,3
46,32,Img_46_32.jpg,5,4
46,33,Img_46_33.jpg,5,4
46,34,Img_46_34.jpg,5,4
46,35,Img_46_35.jpg,5,4
46,36,Img_46_36.jpg,5,4
46,37,Img_46_37.jpg,5,4
46,38,Img_46_38.jpg,5,4
46,39,Img_46_39.jpg,5,4
46,40,Img_46_40.jpg,5,5
46,41,Img_46_41.jpg,5,5
46,42,Img_46_42.jpg,5,5
46,43,Img_46_43.jpg,5,5
46,44,Img_46_44.jpg,5,5
46,45,Img_46_45.jpg,5,5
46,46,Img_46_46.jpg,5,5
46,47,Img_46_47.jpg,5,5
46,48,Img_46_48.jpg,5,6
46,49,Img_46_49.jpg,5,6
46,50,Img_46_50.jpg,5,6
46,51,Img_46_51.jpg,5,6
46,52,Img_46_52.jpg,5,6
46,53,Img_46_53.jpg,5,6
46,54,Img_46_54.jpg,5,6
46,55,Img_46_55.jpg,5,6
46,56,Img_46_56.jpg,5,7
46,57,Img_46_57.jpg,5,7
46,58,Img_46_58.jpg,5,7
46,59,Img_46_59.jpg,5,7
46,60,Img_46_60.jpg,5,7
46,61,Img_46_61.jpg,5,7
46,62,Img_46_62.jpg,5,7
46,63,Img_46_63.jpg,5,7
46,64,Img_46_64.jpg,5,8
46,65,Img_46_65.jpg,5,8
46,66,Img_46_66.jpg,5,8
46,67,Img_46_67.jpg,5,8
46,68,Img_46_68.jpg,5,8
46,69,Img_46_69.jpg,5,8
46,70,Img_46_70.jpg,5,8
46,71,Img_46_71.jpg,5,8
46,72,Img_46_72.jpg,5,9
46,73,Img_46_73.jpg,5,9
46,74,Img_46_74.jpg,5,9
46,75,Img_46_75.jpg,5,9
46,76,Img_46_76.jpg,5,9
46,77,Img_46_77.jpg,5,9
46,78,Img_46_78.jpg,5,9
46,79,Img_46_79.jpg,5,9
46,80,Img_46_80.jpg,5,10
46,81,Img_46_81.jpg,5,10
46,82,Img_46_82.jpg,5,10
46,83,Img_46_83.jpg,5,10
46,84,Img_46_84.jpg,5,10
46,85,Img_46_85.jpg,5,10
46,86,Img_46_86.jpg,5,10
46,87,Img_46_87.jpg,5,10
47,0,Img_47_0.jpg,5,0
47,1,Img_47_1.jpg,5,0
47,2,Img_47_2.jpg,5,0
47,3,Img_47_3.jpg,5,0
47,4,Img_47_4.jpg,5,0
47,5,Img_47_5.jpg,5,0
47,6,Img_47_6.jpg,5,0
47,7,Img_47_7.jpg,5,0
47,8,Img_47_8.jpg,5,1
47,9,Img_47_9.jpg,5,1
47,10,Img_47_10.jpg,5,1
47,11,Img_47_11.jpg,5,1
47,12,Img_47_12.jpg,5,1
47,13,Img_47_13.jpg,5,1
47,14,Img_47_14.jpg,5,1
47,15,Img_47_15.jpg,5,1
47,16,Img_47_16.jpg,5,2
47,17,Img_47_17.jpg,5,2
47,18,Img_47_18.jpg,5,2
47,19,Img_47_19.jpg,5,2
47,20,Img_47_20.jpg,5,2
47,21,Img_47_21.jpg,5,2
47,22,Img_47_22.jpg,5,2
47,23,Img_47_23.jpg,5,2
47,24,Img_47_24.jpg,5,3
47,25,Img_47_25.jpg,5,3
47,26,Img_47_26.jpg,5,3
47,27,Img_47_27.jpg,5,3
47,28,Img_47_28.jpg,5,3
47,29,Img_47_29.jpg,5,3
47,30,Img_47_30.jpg,5,3
47,31,Img_47_31.jpg,5,3
47,32,Img_47_32.jpg,5,4
47,33,Img_47_33.jpg,5,4
47,34,Img_47_34.jpg,5,4
47,35,Img_47_35.jpg,5,4
47,36,Img_47_36.jpg,5,4
47,37,Img_47_37.jpg,5,4
47,38,Img_47_38.jpg,5,4
47,39,Img_47_39.jpg,5,4
47,40,Img_47_40.jpg,5,5
47,41,Img_47_41.jpg,5,5
47,42,Img_47_42.jpg,5,5
47,43,Img_47_43.jpg,5,5
47,44,Img_47_44.jpg,5,5
47,45,Img_47_45.jpg,5,5
47,46,Img_47_46.jpg,5,5
47,47,Img_47_47.jpg,5,5
47,48,Img_47_48.jpg,5,6
47,49,Img_47_49.jpg,5,6
47,50,Img_47_50.jpg,5,6
47,51,Img_47_51.jpg,5,6
47,52,Img_47_52.jpg,5,6
47,53,Img_47_53.jpg,5,6
47,54,Img_47_54.jpg,5,6
47,55,Img_47_55.jpg,5,6
47,56,Img_47_56.jpg,5,7
47,57,Img_47_57.jpg,5,7
47,58,Img_47_58.jpg,5,7
47,59,Img_47_59.jpg,5,7
47,60,Img_47_60.jpg,5,7
47,61,Img_47_61.jpg,5,7
47,62,Img_47_62.jpg,5,7
47,63,Img_47_63.jpg,5,7
47,64,Img_47_64.jpg,5,8
47,65,Img_47_65.jpg,5,8
47,66,Img_47_66.jpg,5,8
47,67,Img_47_67.jpg,5,8
47,68,Img_47_68.jpg,5,8
47,69,Img_47_69.jpg,5,8
47,70,Img_47_70.jpg,5,8
47,71,Img_47_71.jpg,5,8
47,72,Img_47_72.jpg,5,9
47,73,Img_47_73.jpg,5,9
47,74,Img_47_74.jpg,5,9
47,75,Img_47_75.jpg,5,9
47,76,Img_47_76.jpg,5,9
47,77,Img_47_77.jpg,5,9
47,78,Img_47_78.jpg,5,9
47,79,Img_47_79.jpg,5,9
47,80,Img_47_80.jpg,5,10
47,81,Img_47_81.jpg,5,10
47,82,Img_47_82.jpg,5,10
47,83,Img_47_83.jpg,5,10
47,84,Img_47_84.jpg,5,10
47,85,Img_47_85.jpg,5,10
47,86,Img_47_86.jpg,5,10
47,87,Img_47_87.jpg,5,10
48,0,Img_48_0.jpg,6,0
48,1,Img_48_1.jpg,6,0
48,2,Img_48_2.jpg,6,0
48,3,Img_48_3.jpg,6,0
48,4,Img_48_4.jpg,6,0
48,5,Img_48_5.jpg,6,0
48,6,Img_48_6.jpg,6,0
48,7,Img_48_7.jpg,6,0
48,8,Img_48_8.jpg,6,1
48,9,Img_48_9.jpg,6,1
48,10,Img_48_10.jpg,6,1
48,11,Img_48_11.jpg,6,1
48,12,Img_48_12.jpg,6,1
48,13,Img_48_13.jpg,6,1
48,14,Img_48_14.jpg,6,1
48,15,Img_48_15.jpg,6,1
48,16,Img_48_16.jpg,6,2
48,17,Img_48_17.jpg,6,2
48,18,Img_48_18.jpg,6,2
48,19,Img_48_19.jpg,6,2
48,20,Img_48_20.jpg,6,2
48,21,Img_48_21.jpg,6,2
48,22,Img_48_22.jpg,6,2
48,23,Img_48_23.jpg,6,2
48,24,Img_48_24.jpg,6,3
48,25,Img_48_25.jpg,6,3
48,26,Img_48_26.jpg,6,3
48,27,Img_48_27.jpg,6,3
48,28,Img_48_28.jpg,6,3
48,29,Img_48_29.jpg,6,3
48,30,Img_48_30.jpg,6,3
48,31,Img_48_31.jpg,6,3
48,32,Img_48_32.jpg,6,4
48,33,Img_48_33.jpg,6,4
48,34,Img_48_34.jpg,6,4
48,35,Img_48_35.jpg,6,4
48,36,Img_48_36.jpg,6,4
48,37,Img_48_37.jpg,6,4
48,38,Img_48_38.jpg,6,4
48,39,Img_48_39.jpg,6,4
48,40,Img_48_40.jpg,6,5
48,41,Img_48_41.jpg,6,5
48,42,Img_48_42.jpg,6,5
48,43,Img_48_43.jpg,6,5
48,44,Img_48_44.jpg,6,5
48,45,Img_48_45.jpg,6,5
48,46,Img_48_46.jpg,6,5
48,47,Img_48_47.jpg,6,5
48,48,Img_48_48.jpg,6,6
48,49,Img_48_49.jpg,6,6
48,50,Img_48_50.jpg,6,6
48,51,Img_48_51.jpg,6,6
48,52,Img_48_52.jpg,6,6
48,53,Img_48_53.jpg,6,6
48,54,Img_48_54.jpg,6,6
48,55,Img_48_55.jpg,6,6
48,56,Img_48_56.jpg,6,7
48,57,Img_48_57.jpg,6,7
48,58,Img_48_58.jpg,6,7
48,59,Img_48_59.jpg,6,7
48,60,Img_48_60.jpg,6,7
48,61,Img_48_61.jpg,6,7
48,62,Img_48_62.jpg,6,7
48,63,Img_48_63.jpg,6,7
48,64,Img_48_64.jpg,6,8
48,65,Img_48_65.jpg,6,8
48,66,Img_48_66.jpg,6,8
48,67,Img_48_67.jpg,6,8
48,68,Img_48_68.jpg,6,8
48,69,Img_48_69.jpg,6,8
48,70,Img_48_70.jpg,6,8
48,71,Img_48_71.jpg,6,8
48,72,Img_48_72.jpg,6,9
48,73,Img_48_73.jpg,6,9
48,74,Img_48_74.jpg,6,9
48,75,Img_48_75.jpg,6,9
48,76,Img_48_76.jpg,6,9
48,77,Img_48_77.jpg,6,9
48,78,Img_48_78.jpg,6,9
48,79,Img_48_79.jpg,6,9
48,80,Img_48_80.jpg,6,10
48,81,Img_48_81.jpg,6,10
48,82,Img_48_82.jpg,6,10
48,83,Img_48_83.jpg,6,10
48,84,Img_48_84.jpg,6,10
48,85,Img_48_85.jpg,6,10
48,86,Img_48_86.jpg,6,10
48,87,Img_48_87.jpg,6,10
49,0,Img_49_0.jpg,6,0
49,1,Img_49_1.jpg,6,0
49,2,Img_49_2.jpg,6,0
49,3,Img_49_3.jpg,6,0
49,4,Img_49_4.jpg,6,0
49,5,Img_49_5.jpg,6,0
49,6,Img_49_6.jpg,6,0
49,7,Img_49_7.jpg,6,0
49,8,Img_49_8.jpg,6,1
49,9,Img_49_9.jpg,6,1
49,10,Img_49_10.jpg,6,1
49,11,Img_49_11.jpg,6,1
49,12,Img_49_12.jpg,6,1
49,13,Img_49_13.jpg,6,1
49,14,Img_49_14.jpg,6,1
49,15,Img_49_15.jpg,6,1
49,16,Img_49_16.jpg,6,2
49,17,Img_49_17.jpg,6,2
49,18,Img_49_18.jpg,6,2
49,19,Img_49_19.jpg,6,2
49,20,Img_49_20.jpg,6,2
49,21,Img_49_21.jpg,6,2
49,22,Img_49_22.jpg,6,2
49,23,Img_49_23.jpg,6,2
49,24,Img_49_24.jpg,6,3
49,25,Img_49_25.jpg,6,3
49,26,Img_49_26.jpg,6,3
49,27,Img_49_27.jpg,6,3
49,28,Img_49_28.jpg,6,3
49,29,Img_49_29.jpg,6,3
49,30,Img_49_30.jpg,6,3
49,31,Img_49_31.jpg,6,3
49,32,Img_49_32.jpg,6,4
49,33,Img_49_33.jpg,6,4
49,34,Img_49_34.jpg,6,4
49,35,Img_49_35.jpg,6,4
49,36,Img_49_36.jpg,6,4
49,37,Img_49_37.jpg,6,4
49,38,Img_49_38.jpg,6,4
49,39,Img_49_39.jpg,6,4
49,40,Img_49_40.jpg,6,5
49,41,Img_49_41.jpg,6,5
49,42,Img_49_42.jpg,6,5
49,43,Img_49_43.jpg,6,5
49,44,Img_49_44.jpg,6,5
49,45,Img_49_45.jpg,6,5
49,46,Img_49_46.jpg,6,5
49,47,Img_49_47.jpg,6,5
49,48,Img_49_48.jpg,6,6
49,49,Img_49_49.jpg,6,6
49,50,Img_49_50.jpg,6,6
49,51,Img_49_51.jpg,6,6
49,52,Img_49_52.jpg,6,6
49,53,Img_49_53.jpg,6,6
49,54,Img_49_54.jpg,6,6
49,55,Img_49_55.jpg,6,6
49,56,Img_49_56.jpg,6,7
49,57,Img_49_57.jpg,6,7
49,58,Img_49_58.jpg,6,7
49,59,Img_49_59.jpg,6,7
49,60,Img_49_60.jpg,6,7
49,61,Img_49_61.jpg,6,7
49,62,Img_49_62.jpg,6,7
49,63,Img_49_63.jpg,6,7
49,64,Img_49_64.jpg,6,8
49,65,Img_49_65.jpg,6,8
49,66,Img_49_66.jpg,6,8
49,67,Img_49_67.jpg,6,8
49,68,Img_49_68.jpg,6,8
49,69,Img_49_69.jpg,6,8
49,70,Img_49_70.jpg,6,8
49,71,Img_49_71.jpg,6,8
49,72,Img_49_72.jpg,6,9
49,73,Img_49_73.jpg,6,9
49,74,Img_49_74.jpg,6,9
49,75,Img_49_75.jpg,6,9
49,76,Img_49_76.jpg,6,9
49,77,Img_49_77.jpg,6,9
49,78,Img_49_78.jpg,6,9
49,79,Img_49_79.jpg,6,9
49,80,Img_49_80.jpg,6,10
49,81,Img_49_81.jpg,6,10
49,82,Img_49_82.jpg,6,10
49,83,Img_49_83.jpg,6,10
49,84,Img_49_84.jpg,6,10
49,85,Img_49_85.jpg,6,10
49,86,Img_49_86.jpg,6,10
49,87,Img_49_87.jpg,6,10
50,0,Img_50_0.jpg,6,0
50,1,Img_50_1.jpg,6,0
50,2,Img_50_2.jpg,6,0
50,3,Img_50_3.jpg,6,0
50,4,Img_50_4.jpg,6,0
50,5,Img_50_5.jpg,6,0
50,6,Img_50_6.jpg,6,0
50,7,Img_50_7.jpg,6,0
50,8,Img_50_8.jpg,6,1
50,9,Img_50_9.jpg,6,1
50,10,Img_50_10.jpg,6,1
50,11,Img_50_11.jpg,6,1
50,12,Img_50_12.jpg,6,1
50,13,Img_50_13.jpg,6,1
50,14,Img_50_14.jpg,6,1
50,15,Img_50_15.jpg,6,1
50,16,Img_50_16.jpg,6,2
50,17,Img_50_17.jpg,6,2
50,18,Img_50_18.jpg,6,2
50,19,Img_50_19.jpg,6,2
50,20,Img_50_20.jpg,6,2
50,21,Img_50_21.jpg,6,2
50,22,Img_50_22.jpg,6,2
50,23,Img_50_23.jpg,6,2
50,24,Img_50_24.jpg,6,3
50,25,Img_50_25.jpg,6,3
50,26,Img_50_26.jpg,6,3
50,27,Img_50_27.jpg,6,3
50,28,Img_50_28.jpg,6,3
50,29,Img_50_29.jpg,6,3
50,30,Img_50_30.jpg,6,3
50,31,Img_50_31.jpg,6,3
50,32,Img_50_32.jpg,6,4
50,33,Img_50_33.jpg,6,4
50,34,Img_50_34.jpg,6,4
50,35,Img_50_35.jpg,6,4
50,36,Img_50_36.jpg,6,4
50,37,Img_50_37.jpg,6,4
50,38,Img_50_38.jpg,6,4
50,39,Img_50_39.jpg,6,4
50,40,Img_50_40.jpg,6,5
50,41,Img_50_41.jpg,6,5
50,42,Img_50_42.jpg,6,5
50,43,Img_50_43.jpg,6,5
50,44,Img_50_44.jpg,6,5
50,45,Img_50_45.jpg,6,5
50,46,Img_50_46.jpg,6,5
50,47,Img_50_47.jpg,6,5
50,48,Img_50_48.jpg,6,6
50,49,Img_50_49.jpg,6,6
50,50,Img_50_50.jpg,6,6
50,51,Img_50_51.jpg,6,6
50,52,Img_50_52.jpg,6,6
50,53,Img_50_53.jpg,6,6
50,54,Img_50_54.jpg,6,6
50,55,Img_50_55.jpg,6,6
50,56,Img_50_56.jpg,6,7
50,57,Img_50_57.jpg,6,7
50,58,Img_50_58.jpg,6,7
50,59,Img_50_59.jpg,6,7
50,60,Img_50_60.jpg,6,7
50,61,Img_50_61.jpg,6,7
50,62,Img_50_62.jpg,6,7
50,63,Img_50_63.jpg,6,7
50,64,Img_50_64.jpg,6,8
50,65,Img_50_65.jpg,6,8
50,66,Img_50_66.jpg,6,8
50,67,Img_50_67.jpg,6,8
50,68,Img_50_68.jpg,6,8
50,69,Img_50_69.jpg,6,8
50,70,Img_50_70.jpg,6,8
50,71,Img_50_71.jpg,6,8
50,72,Img_50_72.jpg,6,9
50,73,Img_50_73.jpg,6,9
50,74,Img_50_74.jpg,6,9
50,75,Img_50_75.jpg,6,9
50,76,Img_50_76.jpg,6,9
50,77,Img_50_77.jpg,6,9
50,78,Img_50_78.jpg,6,9
50,79,Img_50_79.jpg,6,9
50,80,Img_50_80.jpg,6,10
50,81,Img_50_81.jpg,6,10
50,82,Img_50_82.jpg,6,10
50,83,Img_50_83.jpg,6,10
50,84,Img_50_84.jpg,6,10
50,85,Img_50_85.jpg,6,10
50,86,Img_50_86.jpg,6,10
50,87,Img_50_87.jpg,6,10
51,0,Img_51_0.jpg,6,0
51,1,Img_51_1.jpg,6,0
51,2,Img_51_2.jpg,6,0
51,3,Img_51_3.jpg,6,0
51,4,Img_51_4.jpg,6,0
51,5,Img_51_5.jpg,6,0
51,6,Img_51_6.jpg,6,0
51,7,Img_51_7.jpg,6,0
51,8,Img_51_8.jpg,6,1
51,9,Img_51_9.jpg,6,1
51,10,Img_51_10.jpg,6,1
51,11,Img_51_11.jpg,6,1
51,12,Img_51_12.jpg,6,1
51,13,Img_51_13.jpg,6,1
51,14,Img_51_14.jpg,6,1
51,15,Img_51_15.jpg,6,1
51,16,Img_51_16.jpg,6,2
51,17,Img_51_17.jpg,6,2
51,18,Img_51_18.jpg,6,2
51,19,Img_51_19.jpg,6,2
51,20,Img_51_20.jpg,6,2
51,21,Img_51_21.jpg,6,2
51,22,Img_51_22.jpg,6,2
51,23,Img_51_23.jpg,6,2
51,24,Img_51_24.jpg,6,3
51,25,Img_51_25.jpg,6,3
51,26,Img_51_26.jpg,6,3
51,27,Img_51_27.jpg,6,3
51,28,Img_51_28.jpg,6,3
51,29,Img_51_29.jpg,6,3
51,30,Img_51_30.jpg,6,3
51,31,Img_51_31.jpg,6,3
51,32,Img_51_32.jpg,6,4
51,33,Img_51_33.jpg,6,4
51,34,Img_51_34.jpg,6,4
51,35,Img_51_35.jpg,6,4
51,36,Img_51_36.jpg,6,4
51,37,Img_51_37.jpg,6,4
51,38,Img_51_38.jpg,6,4
51,39,Img_51_39.jpg,6,4
51,40,Img_51_40.jpg,6,5
51,41,Img_51_41.jpg,6,5
51,42,Img_51_42.jpg,6,5
51,43,Img_51_43.jpg,6,5
51,44,Img_51_44.jpg,6,5
51,45,Img_51_45.jpg,6,5
51,46,Img_51_46.jpg,6,5
51,47,Img_51_47.jpg,6,5
51,48,Img_51_48.jpg,6,6
51,49,Img_51_49.jpg,6,6
51,50,Img_51_50.jpg,6,6
51,51,Img_51_51.jpg,6,6
51,52,Img_51_52.jpg,6,6
51,53,Img_51_53.jpg,6,6
51,54,Img_51_54.jpg,6,6
51,55,Img_51_55.jpg,6,6
51,56,Img_51_56.jpg,6,7
51,57,Img_51_57.jpg,6,7
51,58,Img_51_58.jpg,6,7
51,59,Img_51_59.jpg,6,7
51,60,Img_51_60.jpg,6,7
51,61,Img_51_61.jpg,6,7
51,62,Img_51_62.jpg,6,7
51,63,Img_51_63.jpg,6,7
51,64,Img_51_64.jpg,6,8
51,65,Img_51_65.jpg,6,8
51,66,Img_51_66.jpg,6,8
51,67,Img_51_67.jpg,6,8
51,68,Img_51_68.jpg,6,8
51,69,Img_51_69.jpg,6,8
51,70,Img_51_70.jpg,6,8
51,71,Img_51_71.jpg,6,8
51,72,Img_51_72.jpg,6,9
51,73,Img_51_73.jpg,6,9
51,74,Img_51_74.jpg,6,9
51,75,Img_51_75.jpg,6,9
51,76,Img_51_76.jpg,6,9
51,77,Img_51_77.jpg,6,9
51,78,Img_51_78.jpg,6,9
51,79,Img_51_79.jpg,6,9
51,80,Img_51_80.jpg,6,10
51,81,Img_51_81.jpg,6,10
51,82,Img_51_82.jpg,6,10
51,83,Img_51_83.jpg,6,10
51,84,Img_51_84.jpg,6,10
51,85,Img_51_85.jpg,6,10
51,86,Img_51_86.jpg,6,10
51,87,Img_51_87.jpg,6,10
52,0,Img_52_0.jpg,6,0
52,1,Img_52_1.jpg,6,0
52,2,Img_52_2.jpg,6,0
52,3,Img_52_3.jpg,6,0
52,4,Img_52_4.jpg,6,0
52,5,Img_52_5.jpg,6,0
52,6,Img_52_6.jpg,6,0
52,7,Img_52_7.jpg,6,0
52,8,Img_52_8.jpg,6,1
52,9,Img_52_9.jpg,6,1
52,10,Img_52_10.jpg,6,1
52,11,Img_52_11.jpg,6,1
52,12,Img_52_12.jpg,6,1
52,13,Img_52_13.jpg,6,1
52,14,Img_52_14.jpg,6,1
52,15,Img_52_15.jpg,6,1
52,16,Img_52_16.jpg,6,2
52,17,Img_52_17.jpg,6,2
52,18,Img_52_18.jpg,6,2
52,19,Img_52_19.jpg,6,2
52,20,Img_52_20.jpg,6,2
52,21,Img_52_21.jpg,6,2
52,22,Img_52_22.jpg,6,2
52,23,Img_52_23.jpg,6,2
52,24,Img_52_24.jpg,6,3
52,25,Img_52_25.jpg,6,3
52,26,Img_52_26.jpg,6,3
52,27,Img_52_27.jpg,6,3
52,28,Img_52_28.jpg,6,3
52,29,Img_52_29.jpg,6,3
52,30,Img_52_30.jpg,6,3
52,31,Img_52_31.jpg,6,3
52,32,Img_52_32.jpg,6,4
52,33,Img_52_33.jpg,6,4
52,34,Img_52_34.jpg,6,4
52,35,Img_52_35.jpg,6,4
52,36,Img_52_36.jpg,6,4
52,37,Img_52_37.jpg,6,4
52,38,Img_52_38.jpg,6,4
52,39,Img_52_39.jpg,6,4
52,40,Img_52_40.jpg,6,5
52,41,Img_52_41.jpg,6,5
52,42,Img_52_42.jpg,6,5
52,43,Img_52_43.jpg,6,5
52,44,Img_52_44.jpg,6,5
52,45,Img_52_45.jpg,6,5
52,46,Img_52_46.jpg,6,5
52,47,Img_52_47.jpg,6,5
52,48,Img_52_48.jpg,6,6
52,49,Img_52_49.jpg,6,6
52,50,Img_52_50.jpg,6,6
52,51,Img_52_51.jpg,6,6
52,52,Img_52_52.jpg,6,6
52,53,Img_52_53.jpg,6,6
52,54,Img_52_54.jpg,6,6
52,55,Img_52_55.jpg,6,6
52,56,Img_52_56.jpg,6,7
52,57,Img_52_57.jpg,6,7
52,58,Img_52_58.jpg,6,7
52,59,Img_52_59.jpg,6,7
52,60,Img_52_60.jpg,6,7
52,61,Img_52_61.jpg,6,7
52,62,Img_52_62.jpg,6,7
52,63,Img_52_63.jpg,6,7
52,64,Img_52_64.jpg,6,8
52,65,Img_52_65.jpg,6,8
52,66,Img_52_66.jpg,6,8
52,67,Img_52_67.jpg,6,8
52,68,Img_52_68.jpg,6,8
52,69,Img_52_69.jpg,6,8
52,70,Img_52_70.jpg,6,8
52,71,Img_52_71.jpg,6,8
52,72,Img_52_72.jpg,6,9
52,73,Img_52_73.jpg,6,9
52,74,Img_52_74.jpg,6,9
52,75,Img_52_75.jpg,6,9
52,76,Img_52_76.jpg,6,9
52,77,Img_52_77.jpg,6,9
52,78,Img_52_78.jpg,6,9
52,79,Img_52_79.jpg,6,9
52,80,Img_52_80.jpg,6,10
52,81,Img_52_81.jpg,6,10
52,82,Img_52_82.jpg,6,10
52,83,Img_52_83.jpg,6,10
52,84,Img_52_84.jpg,6,10
52,85,Img_52_85.jpg,6,10
52,86,Img_52_86.jpg,6,10
52,87,Img_52_87.jpg,6,10
53,0,Img_53_0.jpg,6,0
53,1,Img_53_1.jpg,6,0
53,2,Img_53_2.jpg,6,0
53,3,Img_53_3.jpg,6,0
53,4,Img_53_4.jpg,6,0
53,5,Img_53_5.jpg,6,0
53,6,Img_53_6.jpg,6,0
53,7,Img_53_7.jpg,6,0
53,8,Img_53_8.jpg,6,1
53,9,Img_53_9.jpg,6,1
53,10,Img_53_10.jpg,6,1
53,11,Img_53_11.jpg,6,1
53,12,Img_53_12.jpg,6,1
53,13,Img_53_13.jpg,6,1
53,14,Img_53_14.jpg,6,1
53,15,Img_53_15.jpg,6,1
53,16,Img_53_16.jpg,6,2
53,17,Img_53_17.jpg,6,2
53,18,Img_53_18.jpg,6,2
53,19,Img_53_19.jpg,6,2
53,20,Img_53_20.jpg,6,2
53,21,Img_53_21.jpg,6,2
53,22,Img_53_22.jpg,6,2
53,23,Img_53_23.jpg,6,2
53,24,Img_53_24.jpg,6,3
53,25,Img_53_25.jpg,6,3
53,26,Img_53_26.jpg,6,3
53,27,Img_53_27.jpg,6,3
53,28,Img_53_28.jpg,6,3
53,29,Img_53_29.jpg,6,3
53,30,Img_53_30.jpg,6,3
53,31,Img_53_31.jpg,6,3
53,32,Img_53_32.jpg,6,4
53,33,Img_53_33.jpg,6,4
53,34,Img_53_34.jpg,6,4
53,35,Img_53_35.jpg,6,4
53,36,Img_53_36.jpg,6,4
53,37,Img_53_37.jpg,6,4
53,38,Img_53_38.jpg,6,4
53,39,Img_53_39.jpg,6,4
53,40,Img_53_40.jpg,6,5
53,41,Img_53_41.jpg,6,5
53,42,Img_53_42.jpg,6,5
53,43,Img_53_43.jpg,6,5
53,44,Img_53_44.jpg,6,5
53,45,Img_53_45.jpg,6,5
53,46,Img_53_46.jpg,6,5
53,47,Img_53_47.jpg,6,5
53,48,Img_53_48.jpg,6,6
53,49,Img_53_49.jpg,6,6
53,50,Img_53_50.jpg,6,6
53,51,Img_53_51.jpg,6,6
53,52,Img_53_52.jpg,6,6
53,53,Img_53_53.jpg,6,6
53,54,Img_53_54.jpg,6,6
53,55,Img_53_55.jpg,6,6
53,56,Img_53_56.jpg,6,7
53,57,Img_53_57.jpg,6,7
53,58,Img_53_58.jpg,6,7
53,59,Img_53_59.jpg,6,7
53,60,Img_53_60.jpg,6,7
53,61,Img_53_61.jpg,6,7
53,62,Img_53_62.jpg,6,7
53,63,Img_53_63.jpg,6,7
53,64,Img_53_64.jpg,6,8
53,65,Img_53_65.jpg,6,8
53,66,Img_53_66.jpg,6,8
53,67,Img_53_67.jpg,6,8
53,68,Img_53_68.jpg,6,8
53,69,Img_53_69.jpg,6,8
53,70,Img_53_70.jpg,6,8
53,71,Img_53_71.jpg,6,8
53,72,Img_53_72.jpg,6,9
53,73,Img_53_73.jpg,6,9
53,74,Img_53_74.jpg,6,9
53,75,Img_53_75.jpg,6,9
53,76,Img_53_76.jpg,6,9
53,77,Img_53_77.jpg,6,9
53,78,Img_53_78.jpg,6,9
53,79,Img_53_79.jpg,6,9
53,80,Img_53_80.jpg,6,10
53,81,Img_53_81.jpg,6,10
53,82,Img_53_82.jpg,6,10
53,83,Img_53_83.jpg,6,10
53,84,Img_53_84.jpg,6,10
53,85,Img_53_85.jpg,6,10
53,86,Img_53_86.jpg,6,10
53,87,Img_53_87.jpg,6,10
54,0,Img_54_0.jpg,6,0
54,1,Img_54_1.jpg,6,0
54,2,Img_54_2.jpg,6,0
54,3,Img_54_3.jpg,6,0
54,4,Img_54_4.jpg,6,0
54,5,Img_54_5.jpg,6,0
54,6,Img_54_6.jpg,6,0
54,7,Img_54_7.jpg,6,0
54,8,Img_54_8.jpg,6,1
54,9,Img_54_9.jpg,6,1
54,10,Img_54_10.jpg,6,1
54,11,Img_54_11.jpg,6,1
54,12,Img_54_12.jpg,6,1
54,13,Img_54_13.jpg,6,1
54,14,Img_54_14.jpg,6,1
54,15,Img_54_15.jpg,6,1
54,16,Img_54_16.jpg,6,2
54,17,Img_54_17.jpg,6,2
54,18,Img_54_18.jpg,6,2
54,19,Img_54_19.jpg,6,2
54,20,Img_54_20.jpg,6,2
54,21,Img_54_21.jpg,6,2
54,22,Img_54_22.jpg,6,2
54,23,Img_54_23.jpg,6,2
54,24,Img_54_24.jpg,6,3
54,25,Img_54_25.jpg,6,3
54,26,Img_54_26.jpg,6,3
54,27,Img_54_27.jpg,6,3
54,28,Img_54_28.jpg,6,3
54,29,Img_54_29.jpg,6,3
54,30,Img_54_30.jpg,6,3
54,31,Img_54_31.jpg,6,3
54,32,Img_54_32.jpg,6,4
54,33,Img_54_33.jpg,6,4
54,34,Img_54_34.jpg,6,4
54,35,Img_54_35.jpg,6,4
54,36,Img_54_36.jpg,6,4
54,37,Img_54_37.jpg,6,4
54,38,Img_54_38.jpg,6,4
54,39,Img_54_39.jpg,6,4
54,40,Img_54_40.jpg,6,5
54,41,Img_54_41.jpg,6,5
54,42,Img_54_42.jpg,6,5
54,43,Img_54_43.jpg,6,5
54,44,Img_54_44.jpg,6,5
54,45,Img_54_45.jpg,6,5
54,46,Img_54_46.jpg,6,5
54,47,Img_54_47.jpg,6,5
54,48,Img_54_48.jpg,6,6
54,49,Img_54_49.jpg,6,6
54,50,Img_54_50.jpg,6,6
54,51,Img_54_51.jpg,6,6
54,52,Img_54_52.jpg,6,6
54,53,Img_54_53.jpg,6,6
54,54,Img_54_54.jpg,6,6
54,55,Img_54_55.jpg,6,6
54,56,Img_54_56.jpg,6,7
54,57,Img_54_57.jpg,6,7
54,58,Img_54_58.jpg,6,7
54,59,Img_54_59.jpg,6,7
54,60,Img_54_60.jpg,6,7
54,61,Img_54_61.jpg,6,7
54,62,Img_54_62.jpg,6,7
54,63,Img_54_63.jpg,6,7
54,64,Img_54_64.jpg,6,8
54,65,Img_54_65.jpg,6,8
54,66,Img_54_66.jpg,6,8
54,67,Img_54_67.jpg,6,8
54,68,Img_54_68.jpg,6,8
54,69,Img_54_69.jpg,6,8
54,70,Img_54_70.jpg,6,8
54,71,Img_54_71.jpg,6,8
54,72,Img_54_72.jpg,6,9
54,73,Img_54_73.jpg,6,9
54,74,Img_54_74.jpg,6,9
54,75,Img_54_75.jpg,6,9
54,76,Img_54_76.jpg,6,9
54,77,Img_54_77.jpg,6,9
54,78,Img_54_78.jpg,6,9
54,79,Img_54_79.jpg,6,9
54,80,Img_54_80.jpg,6,10
54,81,Img_54_81.jpg,6,10
54,82,Img_54_82.jpg,6,10
54,83,Img_54_83.jpg,6,10
54,84,Img_54_84.jpg,6,10
54,85,Img_54_85.jpg,6,10
54,86,Img_54_86.jpg,6,10
54,87,Img_54_87.jpg,6,10
55,0,Img_55_0.jpg,6,0
55,1,Img_55_1.jpg,6,0
55,2,Img_55_2.jpg,6,0
55,3,Img_55_3.jpg,6,0
55,4,Img_55_4.jpg,6,0
55,5,Img_55_5.jpg,6,0
55,6,Img_55_6.jpg,6,0
55,7,Img_55_7.jpg,6,0
55,8,Img_55_8.jpg,6,1
55,9,Img_55_9.jpg,6,1
55,10,Img_55_10.jpg,6,1
55,11,Img_55_11.jpg,6,1
55,12,Img_55_12.jpg,6,1
55,13,Img_55_13.jpg,6,1
55,14,Img_55_14.jpg,6,1
55,15,Img_55_15.jpg,6,1
55,16,Img_55_16.jpg,6,2
55,17,Img_55_17.jpg,6,2
55,18,Img_55_18.jpg,6,2
55,19,Img_55_19.jpg,6,2
55,20,Img_55_20.jpg,6,2
55,21,Img_55_21.jpg,6,2
55,22,Img_55_22.jpg,6,2
55,23,Img_55_23.jpg,6,2
55,24,Img_55_24.jpg,6,3
55,25,Img_55_25.jpg,6,3
55,26,Img_55_26.jpg,6,3
55,27,Img_55_27.jpg,6,3
55,28,Img_55_28.jpg,6,3
55,29,Img_55_29.jpg,6,3
55,30,Img_55_30.jpg,6,3
55,31,Img_55_31.jpg,6,3
55,32,Img_55_32.jpg,6,4
55,33,Img_55_33.jpg,6,4
55,34,Img_55_34.jpg,6,4
55,35,Img_55_35.jpg,6,4
55,36,Img_55_36.jpg,6,4
55,37,Img_55_37.jpg,6,4
55,38,Img_55_38.jpg,6,4
55,39,Img_55_39.jpg,6,4
55,40,Img_55_40.jpg,6,5
55,41,Img_55_41.jpg,6,5
55,42,Img_55_42.jpg,6,5
55,43,Img_55_43.jpg,6,5
55,44,Img_55_44.jpg,6,5
55,45,Img_55_45.jpg,6,5
55,46,Img_55_46.jpg,6,5
55,47,Img_55_47.jpg,6,5
55,48,Img_55_48.jpg,6,6
55,49,Img_55_49.jpg,6,6
55,50,Img_55_50.jpg,6,6
55,51,Img_55_51.jpg,6,6
55,52,Img_55_52.jpg,6,6
55,53,Img_55_53.jpg,6,6
55,54,Img_55_54.jpg,6,6
55,55,Img_55_55.jpg,6,6
55,56,Img_55_56.jpg,6,7
55,57,Img_55_57.jpg,6,7
55,58,Img_55_58.jpg,6,7
55,59,Img_55_59.jpg,6,7
55,60,Img_55_60.jpg,6,7
55,61,Img_55_61.jpg,6,7
55,62,Img_55_62.jpg,6,7
55,63,Img_55_63.jpg,6,7
55,64,Img_55_64.jpg,6,8
55,65,Img_55_65.jpg,6,8
55,66,Img_55_66.jpg,6,8
55,67,Img_55_67.jpg,6,8
55,68,Img_55_68.jpg,6,8
55,69,Img_55_69.jpg,6,8
55,70,Img_55_70.jpg,6,8
55,71,Img_55_71.jpg,6,8
55,72,Img_55_72.jpg,6,9
55,73,Img_55_73.jpg,6,9
55,74,Img_55_74.jpg,6,9
55,75,Img_55_75.jpg,6,9
55,76,Img_55_76.jpg,6,9
55,77,Img_55_77.jpg,6,9
55,78,Img_55_78.jpg,6,9
55,79,Img_55_79.jpg,6,9
55,80,Img_55_80.jpg,6,10
55,81,Img_55_81.jpg,6,10
55,82,Img_55_82.jpg,6,10
55,83,Img_55_83.jpg,6,10
55,84,Img_55_84.jpg,6,10
55,85,Img_55_85.jpg,6,10
55,86,Img_55_86.jpg,6,10
55,87,Img_55_87.jpg,6,10
56,0,Img_56_0.jpg,7,0
56,1,Img_56_1.jpg,7,0
56,2,Img_56_2.jpg,7,0
56,3,Img_56_3.jpg,7,0
56,4,Img_56_4.jpg,7,0
56,5,Img_56_5.jpg,7,0
56,6,Img_56_6.jpg,7,0
56,7,Img_56_7.jpg,7,0
56,8,Img_56_8.jpg,7,1
56,9,Img_56_9.jpg,7,1
56,10,Img_56_10.jpg,7,1
56,11,Img_56_11.jpg,7,1
56,12,Img_56_12.jpg,7,1
56,13,Img_56_13.jpg,7,1
56,14,Img_56_14.jpg,7,1
56,15,Img_56_15.jpg,7,1
56,16,Img_56_16.jpg,7,2
56,17,Img_56_17.jpg,7,2
56,18,Img_56_18.jpg,7,2
56,19,Img_56_19.jpg,7,2
56,20,Img_56_20.jpg,7,2
56,21,Img_56_21.jpg,7,2
56,22,Img_56_22.jpg,7,2
56,23,Img_56_23.jpg,7,2
56,24,Img_56_24.jpg,7,3
56,25,Img_56_25.jpg,7,3
56,26,Img_56_26.jpg,7,3
56,27,Img_56_27.jpg,7,3
56,28,Img_56_28.jpg,7,3
56,29,Img_56_29.jpg,7,3
56,30,Img_56_30.jpg,7,3
56,31,Img_56_31.jpg,7,3
56,32,Img_56_32.jpg,7,4
56,33,Img_56_33.jpg,7,4
56,34,Img_56_34.jpg,7,4
56,35,Img_56_35.jpg,7,4
56,36,Img_56_36.jpg,7,4
56,37,Img_56_37.jpg,7,4
56,38,Img_56_38.jpg,7,4
56,39,Img_56_39.jpg,7,4
56,40,Img_56_40.jpg,7,5
56,41,Img_56_41.jpg,7,5
56,42,Img_56_42.jpg,7,5
56,43,Img_56_43.jpg,7,5
56,44,Img_56_44.jpg,7,5
56,45,Img_56_45.jpg,7,5
56,46,Img_56_46.jpg,7,5
56,47,Img_56_47.jpg,7,5
56,48,Img_56_48.jpg,7,6
56,49,Img_56_49.jpg,7,6
56,50,Img_56_50.jpg,7,6
56,51,Img_56_51.jpg,7,6
56,52,Img_56_52.jpg,7,6
56,53,Img_56_53.jpg,7,6
56,54,Img_56_54.jpg,7,6
56,55,Img_56_55.jpg,7,6
56,56,Img_56_56.jpg,7,7
56,57,Img_56_57.jpg,7,7
56,58,Img_56_58.jpg,7,7
56,59,Img_56_59.jpg,7,7
56,60,Img_56_60.jpg,7,7
56,61,Img_56_61.jpg,7,7
56,62,Img_56_62.jpg,7,7
56,63,Img_56_63.jpg,7,7
56,64,Img_56_64.jpg,7,8
56,65,Img_56_65.jpg,7,8
56,66,Img_56_66.jpg,7,8
56,67,Img_56_67.jpg,7,8
56,68,Img_56_68.jpg,7,8
56,69,Img_56_69.jpg,7,8
56,70,Img_56_70.jpg,7,8
56,71,Img_56_71.jpg,7,8
56,72,Img_56_72.jpg,7,9
56,73,Img_56_73.jpg,7,9
56,74,Img_56_74.jpg,7,9
56,75,Img_56_75.jpg,7,9
56,76,Img_56_76.jpg,7,9
56,77,Img_56_77.jpg,7,9
56,78,Img_56_78.jpg,7,9
56,79,Img_56_79.jpg,7,9
56,80,Img_56_80.jpg,7,10
56,81,Img_56_81.jpg,7,10
56,82,Img_56_82.jpg,7,10
56,83,Img_56_83.jpg,7,10
56,84,Img_56_84.jpg,7,10
56,85,Img_56_85.jpg,7,10
56,86,Img_56_86.jpg,7,10
56,87,Img_56_87.jpg,7,10
57,0,Img_57_0.jpg,7,0
57,1,Img_57_1.jpg,7,0
57,2,Img_57_2.jpg,7,0
57,3,Img_57_3.jpg,7,0
57,4,Img_57_4.jpg,7,0
57,5,Img_57_5.jpg,7,0
57,6,Img_57_6.jpg,7,0
57,7,Img_57_7.jpg,7,0
57,8,Img_57_8.jpg,7,1
57,9,Img_57_9.jpg,7,1
57,10,Img_57_10.jpg,7,1
57,11,Img_57_11.jpg,7,1
57,12,Img_57_12.jpg,7,1
57,13,Img_57_13.jpg,7,1
57,14,Img_57_14.jpg,7,1
57,15,Img_57_15.jpg,7,1
57,16,Img_57_16.jpg,7,2
57,17,Img_57_17.jpg,7,2
57,18,Img_57_18.jpg,7,2
57,19,Img_57_19.jpg,7,2
57,20,Img_57_20.jpg,7,2
57,21,Img_57_21.jpg,7,2
57,22,Img_57_22.jpg,7,2
57,23,Img_57_23.jpg,7,2
57,24,Img_57_24.jpg,7,3
57,25,Img_57_25.jpg,7,3
57,26,Img_57_26.jpg,7,3
57,27,Img_57_27.jpg,7,3
57,28,Img_57_28.jpg,7,3
57,29,Img_57_29.jpg,7,3
57,30,Img_57_30.jpg,7,3
57,31,Img_57_31.jpg,7,3
57,32,Img_57_32.jpg,7,4
57,33,Img_57_33.jpg,7,4
57,34,Img_57_34.jpg,7,4
57,35,Img_57_35.jpg,7,4
57,36,Img_57_36.jpg,7,4
57,37,Img_57_37.jpg,7,4
57,38,Img_57_38.jpg,7,4
57,39,Img_57_39.jpg,7,4
57,40,Img_57_40.jpg,7,5
57,41,Img_57_41.jpg,7,5
57,42,Img_57_42.jpg,7,5
57,43,Img_57_43.jpg,7,5
57,44,Img_57_44.jpg,7,5
57,45,Img_57_45.jpg,7,5
57,46,Img_57_46.jpg,7,5
57,47,Img_57_47.jpg,7,5
57,48,Img_57_48.jpg,7,6
57,49,Img_57_49.jpg,7,6
57,50,Img_57_50.jpg,7,6
57,51,Img_57_51.jpg,7,6
57,52,Img_57_52.jpg,7,6
57,53,Img_57_53.jpg,7,6
57,54,Img_57_54.jpg,7,6
57,55,Img_57_55.jpg,7,6
57,56,Img_57_56.jpg,7,7
57,57,Img_57_57.jpg,7,7
57,58,Img_57_58.jpg,7,7
57,59,Img_57_59.jpg,7,7
57,60,Img_57_60.jpg,7,7
57,61,Img_57_61.jpg,7,7
57,62,Img_57_62.jpg,7,7
57,63,Img_57_63.jpg,7,7
57,64,Img_57_64.jpg,7,8
57,65,Img_57_65.jpg,7,8
57,66,Img_57_66.jpg,7,8
57,67,Img_57_67.jpg,7,8
57,68,Img_57_68.jpg,7,8
57,69,Img_57_69.jpg,7,8
57,70,Img_57_70.jpg,7,8
57,71,Img_57_71.jpg,7,8
57,72,Img_57_72.jpg,7,9
57,73,Img_57_73.jpg,7,9
57,74,Img_57_74.jpg,7,9
57,75,Img_57_75.jpg,7,9
57,76,Img_57_76.jpg,7,9
57,77,Img_57_77.jpg,7,9
57,78,Img_57_78.jpg,7,9
57,79,Img_57_79.jpg,7,9
57,80,Img_57_80.jpg,7,10
57,81,Img_57_81.jpg,7,10
57,82,Img_57_82.jpg,7,10
57,83,Img_57_83.jpg,7,10
57,84,Img_57_84.jpg,7,10
57,85,Img_57_85.jpg,7,10
57,86,Img_57_86.jpg,7,10
57,87,Img_57_87.jpg,7,10
58,0,Img_58_0.jpg,7,0
58,1,Img_58_1.jpg,7,0
58,2,Img_58_2.jpg,7,0
58,3,Img_58_3.jpg,7,0
58,4,Img_58_4.jpg,7,0
58,5,Img_58_5.jpg,7,0
58,6,Img_58_6.jpg,7,0
58,7,Img_58_7.jpg,7,0
58,8,Img_58_8.jpg,7,1
58,9,Img_58_9.jpg,7,1
58,10,Img_58_10.jpg,7,1
58,11,Img_58_11.jpg,7,1
58,12,Img_58_12.jpg,7,1
58,13,Img_58_13.jpg,7,1
58,14,Img_58_14.jpg,7,1
58,15,Img_58_15.jpg,7,1
58,16,Img_58_16.jpg,7,2
58,17,Img_58_17.jpg,7,2
58,18,Img_58_18.jpg,7,2
58,19,Img_58_19.jpg,7,2
58,20,Img_58_20.jpg,7,2
58,21,Img_58_21.jpg,7,2
58,22,Img_58_22.jpg,7,2
58,23,Img_58_23.jpg,7,2
58,24,Img_58_24.jpg,7,3
58,25,Img_58_25.jpg,7,3
58,26,Img_58_26.jpg,7,3
58,27,Img_58_27.jpg,7,3
58,28,Img_58_28.jpg,7,3
58,29,Img_58_29.jpg,7,3
58,30,Img_58_30.jpg,7,3
58,31,Img_58_31.jpg,7,3
58,32,Img_58_32.jpg,7,4
58,33,Img_58_33.jpg,7,4
58,34,Img_58_34.jpg,7,4
58,35,Img_58_35.jpg,7,4
58,36,Img_58_36.jpg,7,4
58,37,Img_58_37.jpg,7,4
58,38,Img_58_38.jpg,7,4
58,39,Img_58_39.jpg,7,4
58,40,Img_58_40.jpg,7,5
58,41,Img_58_41.jpg,7,5
58,42,Img_58_42.jpg,7,5
58,43,Img_58_43.jpg,7,5
58,44,Img_58_44.jpg,7,5
58,45,Img_58_45.jpg,7,5
58,46,Img_58_46.jpg,7,5
58,47,Img_58_47.jpg,7,5
58,48,Img_58_48.jpg,7,6
58,49,Img_58_49.jpg,7,6
58,50,Img_58_50.jpg,7,6
58,51,Img_58_51.jpg,7,6
58,52,Img_58_52.jpg,7,6
58,53,Img_58_53.jpg,7,6
58,54,Img_58_54.jpg,7,6
58,55,Img_58_55.jpg,7,6
58,56,Img_58_56.jpg,7,7
58,57,Img_58_57.jpg,7,7
58,58,Img_58_58.jpg,7,7
58,59,Img_58_59.jpg,7,7
58,60,Img_58_60.jpg,7,7
58,61,Img_58_61.jpg,7,7
58,62,Img_58_62.jpg,7,7
58,63,Img_58_63.jpg,7,7
58,64,Img_58_64.jpg,7,8
58,65,Img_58_65.jpg,7,8
58,66,Img_58_66.jpg,7,8
58,67,Img_58_67.jpg,7,8
58,68,Img_58_68.jpg,7,8
58,69,Img_58_69.jpg,7,8
58,70,Img_58_70.jpg,7,8
58,71,Img_58_71.jpg,7,8
58,72,Img_58_72.jpg,7,9
58,73,Img_58_73.jpg,7,9
58,74,Img_58_74.jpg,7,9
58,75,Img_58_75.jpg,7,9
58,76,Img_58_76.jpg,7,9
58,77,Img_58_77.jpg,7,9
58,78,Img_58_78.jpg,7,9
58,79,Img_58_79.jpg,7,9
58,80,Img_58_80.jpg,7,10
58,81,Img_58_81.jpg,7,10
58,82,Img_58_82.jpg,7,10
58,83,Img_58_83.jpg,7,10
58,84,Img_58_84.jpg,7,10
58,85,Img_58_85.jpg,7,10
58,86,Img_58_86.jpg,7,10
58,87,Img_58_87.jpg,7,10
59,0,Img_59_0.jpg,7,0
59,1,Img_59_1.jpg,7,0
59,2,Img_59_2.jpg,7,0
59,3,Img_59_3.jpg,7,0
59,4,Img_59_4.jpg,7,0
59,5,Img_59_5.jpg,7,0
59,6,Img_59_6.jpg,7,0
59,7,Img_59_7.jpg,7,0
59,8,Img_59_8.jpg,7,1
59,9,Img_59_9.jpg,7,1
59,10,Img_59_10.jpg,7,1
59,11,Img_59_11.jpg,7,1
59,12,Img_59_12.jpg,7,1
59,13,Img_59_13.jpg,7,1
59,14,Img_59_14.jpg,7,1
59,15,Img_59_15.jpg,7,1
59,16,Img_59_16.jpg,7,2
59,17,Img_59_17.jpg,7,2
59,18,Img_59_18.jpg,7,2
59,19,Img_59_19.jpg,7,2
59,20,Img_59_20.jpg,7,2
59,21,Img_59_21.jpg,7,2
59,22,Img_59_22.jpg,7,2
59,23,Img_59_23.jpg,7,2
59,24,Img_59_24.jpg,7,3
59,25,Img_59_25.jpg,7,3
59,26,Img_59_26.jpg,7,3
59,27,Img_59_27.jpg,7,3
59,28,Img_59_28.jpg,7,3
59,29,Img_59_29.jpg,7,3
59,30,Img_59_30.jpg,7,3
59,31,Img_59_31.jpg,7,3
59,32,Img_59_32.jpg,7,4
59,33,Img_59_33.jpg,7,4
59,34,Img_59_34.jpg,7,4
59,35,Img_59_35.jpg,7,4
59,36,Img_59_36.jpg,7,4
59,37,Img_59_37.jpg,7,4
59,38,Img_59_38.jpg,7,4
59,39,Img_59_39.jpg,7,4
59,40,Img_59_40.jpg,7,5
59,41,Img_59_41.jpg,7,5
59,42,Img_59_42.jpg,7,5
59,43,Img_59_43.jpg,7,5
59,44,Img_59_44.jpg,7,5
59,45,Img_59_45.jpg,7,5
59,46,Img_59_46.jpg,7,5
59,47,Img_59_47.jpg,7,5
59,48,Img_59_48.jpg,7,6
59,49,Img_59_49.jpg,7,6
59,50,Img_59_50.jpg,7,6
59,51,Img_59_51.jpg,7,6
59,52,Img_59_52.jpg,7,6
59,53,Img_59_53.jpg,7,6
59,54,Img_59_54.jpg,7,6
59,55,Img_59_55.jpg,7,6
59,56,Img_59_56.jpg,7,7
59,57,Img_59_57.jpg,7,7
59,58,Img_59_58.jpg,7,7
59,59,Img_59_59.jpg,7,7
59,60,Img_59_60.jpg,7,7
59,61,Img_59_61.jpg,7,7
59,62,Img_59_62.jpg,7,7
59,63,Img_59_63.jpg,7,7
59,64,Img_59_64.jpg,7,8
59,65,Img_59_65.jpg,7,8
59,66,Img_59_66.jpg,7,8
59,67,Img_59_67.jpg,7,8
59,68,Img_59_68.jpg,7,8
59,69,Img_59_69.jpg,7,8
59,70,Img_59_70.jpg,7,8
59,71,Img_59_71.jpg,7,8
59,72,Img_59_72.jpg,7,9
59,73,Img_59_73.jpg,7,9
59,74,Img_59_74.jpg,7,9
59,75,Img_59_75.jpg,7,9
59,76,Img_59_76.jpg,7,9
59,77,Img_59_77.jpg,7,9
59,78,Img_59_78.jpg,7,9
59,79,Img_59_79.jpg,7,9
59,80,Img_59_80.jpg,7,10
59,81,Img_59_81.jpg,7,10
59,82,Img_59_82.jpg,7,10
59,83,Img_59_83.jpg,7,10
59,84,Img_59_84.jpg,7,10
59,85,Img_59_85.jpg,7,10
59,86,Img_59_86.jpg,7,10
59,87,Img_59_87.jpg,7,10
60,0,Img_60_0.jpg,7,0
60,1,Img_60_1.jpg,7,0
60,2,Img_60_2.jpg,7,0
60,3,Img_60_3.jpg,7,0
60,4,Img_60_4.jpg,7,0
60,5,Img_60_5.jpg,7,0
60,6,Img_60_6.jpg,7,0
60,7,Img_60_7.jpg,7,0
60,8,Img_60_8.jpg,7,1
60,9,Img_60_9.jpg,7,1
60,10,Img_60_10.jpg,7,1
60,11,Img_60_11.jpg,7,1
60,12,Img_60_12.jpg,7,1
60,13,Img_60_13.jpg,7,1
60,14,Img_60_14.jpg,7,1
60,15,Img_60_15.jpg,7,1
60,16,Img_60_16.jpg,7,2
60,17,Img_60_17.jpg,7,2
60,18,Img_60_18.jpg,7,2
60,19,Img_60_19.jpg,7,2
60,20,Img_60_20.jpg,7,2
60,21,Img_60_21.jpg,7,2
60,22,Img_60_22.jpg,7,2
60,23,Img_60_23.jpg,7,2
60,24,Img_60_24.jpg,7,3
60,25,Img_60_25.jpg,7,3
60,26,Img_60_26.jpg,7,3
60,27,Img_60_27.jpg,7,3
60,28,Img_60_28.jpg,7,3
60,29,Img_60_29.jpg,7,3
60,30,Img_60_30.jpg,7,3
60,31,Img_60_31.jpg,7,3
60,32,Img_60_32.jpg,7,4
60,33,Img_60_33.jpg,7,4
60,34,Img_60_34.jpg,7,4
60,35,Img_60_35.jpg,7,4
60,36,Img_60_36.jpg,7,4
60,37,Img_60_37.jpg,7,4
60,38,Img_60_38.jpg,7,4
60,39,Img_60_39.jpg,7,4
60,40,Img_60_40.jpg,7,5
60,41,Img_60_41.jpg,7,5
60,42,Img_60_42.jpg,7,5
60,43,Img_60_43.jpg,7,5
60,44,Img_60_44.jpg,7,5
60,45,Img_60_45.jpg,7,5
60,46,Img_60_46.jpg,7,5
60,47,Img_60_47.jpg,7,5
60,48,Img_60_48.jpg,7,6
60,49,Img_60_49.jpg,7,6
60,50,Img_60_50.jpg,7,6
60,51,Img_60_51.jpg,7,6
60,52,Img_60_52.jpg,7,6
60,53,Img_60_53.jpg,7,6
60,54,Img_60_54.jpg,7,6
60,55,Img_60_55.jpg,7,6
60,56,Img_60_56.jpg,7,7
60,57,Img_60_57.jpg,7,7
60,58,Img_60_58.jpg,7,7
60,59,Img_60_59.jpg,7,7
60,60,Img_60_60.jpg,7,7
60,61,Img_60_61.jpg,7,7
60,62,Img_60_62.jpg,7,7
60,63,Img_60_63.jpg,7,7
60,64,Img_60_64.jpg,7,8
60,65,Img_60_65.jpg,7,8
60,66,Img_60_66.jpg,7,8
60,67,Img_60_67.jpg,7,8
60,68,Img_60_68.jpg,7,8
60,69,Img_60_69.jpg,7,8
60,70,Img_60_70.jpg,7,8
60,71,Img_60_71.jpg,7,8
60,72,Img_60_72.jpg,7,9
60,73,Img_60_73.jpg,7,9
60,74,Img_60_74.jpg,7,9
60,75,Img_60_75.jpg,7,9
60,76,Img_60_76.jpg,7,9
60,77,Img_60_77.jpg,7,9
60,78,Img_60_78.jpg,7,9
60,79,Img_60_79.jpg,7,9
60,80,Img_60_80.jpg,7,10
60,81,Img_60_81.jpg,7,10
60,82,Img_60_82.jpg,7,10
60,83,Img_60_83.jpg,7,10
60,84,Img_60_84.jpg,7,10
60,85,Img_60_85.jpg,7,10
60,86,Img_60_86.jpg,7,10
60,87,Img_60_87.jpg,7,10
61,0,Img_61_0.jpg,7,0
61,1,Img_61_1.jpg,7,0
61,2,Img_61_2.jpg,7,0
61,3,Img_61_3.jpg,7,0
61,4,Img_61_4.jpg,7,0
61,5,Img_61_5.jpg,7,0
61,6,Img_61_6.jpg,7,0
61,7,Img_61_7.jpg,7,0
61,8,Img_61_8.jpg,7,1
61,9,Img_61_9.jpg,7,1
61,10,Img_61_10.jpg,7,1
61,11,Img_61_11.jpg,7,1
61,12,Img_61_12.jpg,7,1
61,13,Img_61_13.jpg,7,1
61,14,Img_61_14.jpg,7,1
61,15,Img_61_15.jpg,7,1
61,16,Img_61_16.jpg,7,2
61,17,Img_61_17.jpg,7,2
61,18,Img_61_18.jpg,7,2
61,19,Img_61_19.jpg,7,2
61,20,Img_61_20.jpg,7,2
61,21,Img_61_21.jpg,7,2
61,22,Img_61_22.jpg,7,2
61,23,Img_61_23.jpg,7,2
61,24,Img_61_24.jpg,7,3
61,25,Img_61_25.jpg,7,3
61,26,Img_61_26.jpg,7,3
61,27,Img_61_27.jpg,7,3
61,28,Img_61_28.jpg,7,3
61,29,Img_61_29.jpg,7,3
61,30,Img_61_30.jpg,7,3
61,31,Img_61_31.jpg,7,3
61,32,Img_61_32.jpg,7,4
61,33,Img_61_33.jpg,7,4
61,34,Img_61_34.jpg,7,4
61,35,Img_61_35.jpg,7,4
61,36,Img_61_36.jpg,7,4
61,37,Img_61_37.jpg,7,4
61,38,Img_61_38.jpg,7,4
61,39,Img_61_39.jpg,7,4
61,40,Img_61_40.jpg,7,5
61,41,Img_61_41.jpg,7,5
61,42,Img_61_42.jpg,7,5
61,43,Img_61_43.jpg,7,5
61,44,Img_61_44.jpg,7,5
61,45,Img_61_45.jpg,7,5
61,46,Img_61_46.jpg,7,5
61,47,Img_61_47.jpg,7,5
61,48,Img_61_48.jpg,7,6
61,49,Img_61_49.jpg,7,6
61,50,Img_61_50.jpg,7,6
61,51,Img_61_51.jpg,7,6
61,52,Img_61_52.jpg,7,6
61,53,Img_61_53.jpg,7,6
61,54,Img_61_54.jpg,7,6
61,55,Img_61_55.jpg,7,6
61,56,Img_61_56.jpg,7,7
61,57,Img_61_57.jpg,7,7
61,58,Img_61_58.jpg,7,7
61,59,Img_61_59.jpg,7,7
61,60,Img_61_60.jpg,7,7
61,61,Img_61_61.jpg,7,7
61,62,Img_61_62.jpg,7,7
61,63,Img_61_63.jpg,7,7
61,64,Img_61_64.jpg,7,8
61,65,Img_61_65.jpg,7,8
61,66,Img_61_66.jpg,7,8
61,67,Img_61_67.jpg,7,8
61,68,Img_61_68.jpg,7,8
61,69,Img_61_69.jpg,7,8
61,70,Img_61_70.jpg,7,8
61,71,Img_61_71.jpg,7,8
61,72,Img_61_72.jpg,7,9
61,73,Img_61_73.jpg,7,9
61,74,Img_61_74.jpg,7,9
61,75,Img_61_75.jpg,7,9
61,76,Img_61_76.jpg,7,9
61,77,Img_61_77.jpg,7,9
61,78,Img_61_78.jpg,7,9
61,79,Img_61_79.jpg,7,9
61,80,Img_61_80.jpg,7,10
61,81,Img_61_81.jpg,7,10
61,82,Img_61_82.jpg,7,10
61,83,Img_61_83.jpg,7,10
61,84,Img_61_84.jpg,7,10
61,85,Img_61_85.jpg,7,10
61,86,Img_61_86.jpg,7,10
61,87,Img_61_87.jpg,7,10
62,0,Img_62_0.jpg,7,0
62,1,Img_62_1.jpg,7,0
62,2,Img_62_2.jpg,7,0
62,3,Img_62_3.jpg,7,0
62,4,Img_62_4.jpg,7,0
62,5,Img_62_5.jpg,7,0
62,6,Img_62_6.jpg,7,0
62,7,Img_62_7.jpg,7,0
62,8,Img_62_8.jpg,7,1
62,9,Img_62_9.jpg,7,1
62,10,Img_62_10.jpg,7,1
62,11,Img_62_11.jpg,7,1
62,12,Img_62_12.jpg,7,1
62,13,Img_62_13.jpg,7,1
62,14,Img_62_14.jpg,7,1
62,15,Img_62_15.jpg,7,1
62,16,Img_62_16.jpg,7,2
62,17,Img_62_17.jpg,7,2
62,18,Img_62_18.jpg,7,2
62,19,Img_62_19.jpg,7,2
62,20,Img_62_20.jpg,7,2
62,21,Img_62_21.jpg,7,2
62,22,Img_62_22.jpg,7,2
62,23,Img_62_23.jpg,7,2
62,24,Img_62_24.jpg,7,3
62,25,Img_62_25.jpg,7,3
62,26,Img_62_26.jpg,7,3
62,27,Img_62_27.jpg,7,3
62,28,Img_62_28.jpg,7,3
62,29,Img_62_29.jpg,7,3
62,30,Img_62_30.jpg,7,3
62,31,Img_62_31.jpg,7,3
62,32,Img_62_32.jpg,7,4
62,33,Img_62_33.jpg,7,4
62,34,Img_62_34.jpg,7,4
62,35,Img_62_35.jpg,7,4
62,36,Img_62_36.jpg,7,4
62,37,Img_62_37.jpg,7,4
62,38,Img_62_38.jpg,7,4
62,39,Img_62_39.jpg,7,4
62,40,Img_62_40.jpg,7,5
62,41,Img_62_41.jpg,7,5
62,42,Img_62_42.jpg,7,5
62,43,Img_62_43.jpg,7,5
62,44,Img_62_44.jpg,7,5
62,45,Img_62_45.jpg,7,5
62,46,Img_62_46.jpg,7,5
62,47,Img_62_47.jpg,7,5
62,48,Img_62_48.jpg,7,6
62,49,Img_62_49.jpg,7,6
62,50,Img_62_50.jpg,7,6
62,51,Img_62_51.jpg,7,6
62,52,Img_62_52.jpg,7,6
62,53,Img_62_53.jpg,7,6
62,54,Img_62_54.jpg,7,6
62,55,Img_62_55.jpg,7,6
62,56,Img_62_56.jpg,7,7
62,57,Img_62_57.jpg,7,7
62,58,Img_62_58.jpg,7,7
62,59,Img_62_59.jpg,7,7
62,60,Img_62_60.jpg,7,7
62,61,Img_62_61.jpg,7,7
62,62,Img_62_62.jpg,7,7
62,63,Img_62_63.jpg,7,7
62,64,Img_62_64.jpg,7,8
62,65,Img_62_65.jpg,7,8
62,66,Img_62_66.jpg,7,8
62,67,Img_62_67.jpg,7,8
62,68,Img_62_68.jpg,7,8
62,69,Img_62_69.jpg,7,8
62,70,Img_62_70.jpg,7,8
62,71,Img_62_71.jpg,7,8
62,72,Img_62_72.jpg,7,9
62,73,Img_62_73.jpg,7,9
62,74,Img_62_74.jpg,7,9
62,75,Img_62_75.jpg,7,9
62,76,Img_62_76.jpg,7,9
62,77,Img_62_77.jpg,7,9
62,78,Img_62_78.jpg,7,9
62,79,Img_62_79.jpg,7,9
62,80,Img_62_80.jpg,7,10
62,81,Img_62_81.jpg,7,10
62,82,Img_62_82.jpg,7,10
62,83,Img_62_83.jpg,7,10
62,84,Img_62_84.jpg,7,10
62,85,Img_62_85.jpg,7,10
62,86,Img_62_86.jpg,7,10
62,87,Img_62_87.jpg,7,10
63,0,Img_63_0.jpg,7,0
63,1,Img_63_1.jpg,7,0
63,2,Img_63_2.jpg,7,0
63,3,Img_63_3.jpg,7,0
63,4,Img_63_4.jpg,7,0
63,5,Img_63_5.jpg,7,0
63,6,Img_63_6.jpg,7,0
63,7,Img_63_7.jpg,7,0
63,8,Img_63_8.jpg,7,1
63,9,Img_63_9.jpg,7,1
63,10,Img_63_10.jpg,7,1
63,11,Img_63_11.jpg,7,1
63,12,Img_63_12.jpg,7,1
63,13,Img_63_13.jpg,7,1
63,14,Img_63_14.jpg,7,1
63,15,Img_63_15.jpg,7,1
63,16,Img_63_16.jpg,7,2
63,17,Img_63_17.jpg,7,2
63,18,Img_63_18.jpg,7,2
63,19,Img_63_19.jpg,7,2
63,20,Img_63_20.jpg,7,2
63,21,Img_63_21.jpg,7,2
63,22,Img_63_22.jpg,7,2
63,23,Img_63_23.jpg,7,2
63,24,Img_63_24.jpg,7,3
63,25,Img_63_25.jpg,7,3
63,26,Img_63_26.jpg,7,3
63,27,Img_63_27.jpg,7,3
63,28,Img_63_28.jpg,7,3
63,29,Img_63_29.jpg,7,3
63,30,Img_63_30.jpg,7,3
63,31,Img_63_31.jpg,7,3
63,32,Img_63_32.jpg,7,4
63,33,Img_63_33.jpg,7,4
63,34,Img_63_34.jpg,7,4
63,35,Img_63_35.jpg,7,4
63,36,Img_63_36.jpg,7,4
63,37,Img_63_37.jpg,7,4
63,38,Img_63_38.jpg,7,4
63,39,Img_63_39.jpg,7,4
63,40,Img_63_40.jpg,7,5
63,41,Img_63_41.jpg,7,5
63,42,Img_63_42.jpg,7,5
63,43,Img_63_43.jpg,7,5
63,44,Img_63_44.jpg,7,5
63,45,Img_63_45.jpg,7,5
63,46,Img_63_46.jpg,7,5
63,47,Img_63_47.jpg,7,5
63,48,Img_63_48.jpg,7,6
63,49,Img_63_49.jpg,7,6
63,50,Img_63_50.jpg,7,6
63,51,Img_63_51.jpg,7,6
63,52,Img_63_52.jpg,7,6
63,53,Img_63_53.jpg,7,6
63,54,Img_63_54.jpg,7,6
63,55,Img_63_55.jpg,7,6
63,56,Img_63_56.jpg,7,7
63,57,Img_63_57.jpg,7,7
63,58,Img_63_58.jpg,7,7
63,59,Img_63_59.jpg,7,7
63,60,Img_63_60.jpg,7,7
63,61,Img_63_61.jpg,7,7
63,62,Img_63_62.jpg,7,7
63,63,Img_63_63.jpg,7,7
63,64,Img_63_64.jpg,7,8
63,65,Img_63_65.jpg,7,8
63,66,Img_63_66.jpg,7,8
63,67,Img_63_67.jpg,7,8
63,68,Img_63_68.jpg,7,8
63,69,Img_63_69.jpg,7,8
63,70,Img_63_70.jpg,7,8
63,71,Img_63_71.jpg,7,8
63,72,Img_63_72.jpg,7,9
63,73,Img_63_73.jpg,7,9
63,74,Img_63_74.jpg,7,9
63,75,Img_63_75.jpg,7,9
63,76,Img_63_76.jpg,7,9
63,77,Img_63_77.jpg,7,9
63,78,Img_63_78.jpg,7,9
63,79,Img_63_79.jpg,7,9
63,80,Img_63_80.jpg,7,10
63,81,Img_63_81.jpg,7,10
63,82,Img_63_82.jpg,7,10
63,83,Img_63_83.jpg,7,10
63,84,Img_63_84.jpg,7,10
63,85,Img_63_85.jpg,7,10
63,86,Img_63_86.jpg,7,10
63,87,Img_63_87.jpg,7,10
64,0,Img_64_0.jpg,8,0
64,1,Img_64_1.jpg,8,0
64,2,Img_64_2.jpg,8,0
64,3,Img_64_3.jpg,8,0
64,4,Img_64_4.jpg,8,0
64,5,Img_64_5.jpg,8,0
64,6,Img_64_6.jpg,8,0
64,7,Img_64_7.jpg,8,0
64,8,Img_64_8.jpg,8,1
64,9,Img_64_9.jpg,8,1
64,10,Img_64_10.jpg,8,1
64,11,Img_64_11.jpg,8,1
64,12,Img_64_12.jpg,8,1
64,13,Img_64_13.jpg,8,1
64,14,Img_64_14.jpg,8,1
64,15,Img_64_15.jpg,8,1
64,16,Img_64_16.jpg,8,2
64,17,Img_64_17.jpg,8,2
64,18,Img_64_18.jpg,8,2
64,19,Img_64_19.jpg,8,2
64,20,Img_64_20.jpg,8,2
64,21,Img_64_21.jpg,8,2
64,22,Img_64_22.jpg,8,2
64,23,Img_64_23.jpg,8,2
64,24,Img_64_24.jpg,8,3
64,25,Img_64_25.jpg,8,3
64,26,Img_64_26.jpg,8,3
64,27,Img_64_27.jpg,8,3
64,28,Img_64_28.jpg,8,3
64,29,Img_64_29.jpg,8,3
64,30,Img_64_30.jpg,8,3
64,31,Img_64_31.jpg,8,3
64,32,Img_64_32.jpg,8,4
64,33,Img_64_33.jpg,8,4
64,34,Img_64_34.jpg,8,4
64,35,Img_64_35.jpg,8,4
64,36,Img_64_36.jpg,8,4
64,37,Img_64_37.jpg,8,4
64,38,Img_64_38.jpg,8,4
64,39,Img_64_39.jpg,8,4
64,40,Img_64_40.jpg,8,5
64,41,Img_64_41.jpg,8,5
64,42,Img_64_42.jpg,8,5
64,43,Img_64_43.jpg,8,5
64,44,Img_64_44.jpg,8,5
64,45,Img_64_45.jpg,8,5
64,46,Img_64_46.jpg,8,5
64,47,Img_64_47.jpg,8,5
64,48,Img_64_48.jpg,8,6
64,49,Img_64_49.jpg,8,6
64,50,Img_64_50.jpg,8,6
64,51,Img_64_51.jpg,8,6
64,52,Img_64_52.jpg,8,6
64,53,Img_64_53.jpg,8,6
64,54,Img_64_54.jpg,8,6
64,55,Img_64_55.jpg,8,6
64,56,Img_64_56.jpg,8,7
64,57,Img_64_57.jpg,8,7
64,58,Img_64_58.jpg,8,7
64,59,Img_64_59.jpg,8,7
64,60,Img_64_60.jpg,8,7
64,61,Img_64_61.jpg,8,7
64,62,Img_64_62.jpg,8,7
64,63,Img_64_63.jpg,8,7
64,64,Img_64_64.jpg,8,8
64,65,Img_64_65.jpg,8,8
64,66,Img_64_66.jpg,8,8
64,67,Img_64_67.jpg,8,8
64,68,Img_64_68.jpg,8,8
64,69,Img_64_69.jpg,8,8
64,70,Img_64_70.jpg,8,8
64,71,Img_64_71.jpg,8,8
64,72,Img_64_72.jpg,8,9
64,73,Img_64_73.jpg,8,9
64,74,Img_64_74.jpg,8,9
64,75,Img_64_75.jpg,8,9
64,76,Img_64_76.jpg,8,9
64,77,Img_64_77.jpg,8,9
64,78,Img_64_78.jpg,8,9
64,79,Img_64_79.jpg,8,9
64,80,Img_64_80.jpg,8,10
64,81,Img_64_81.jpg,8,10
64,82,Img_64_82.jpg,8,10
64,83,Img_64_83.jpg,8,10
64,84,Img_64_84.jpg,8,10
64,85,Img_64_85.jpg,8,10
64,86,Img_64_86.jpg,8,10
64,87,Img_64_87.jpg,8,10
65,0,Img_65_0.jpg,8,0
65,1,Img_65_1.jpg,8,0
65,2,Img_65_2.jpg,8,0
65,3,Img_65_3.jpg,8,0
65,4,Img_65_4.jpg,8,0
65,5,Img_65_5.jpg,8,0
65,6,Img_65_6.jpg,8,0
65,7,Img_65_7.jpg,8,0
65,8,Img_65_8.jpg,8,1
65,9,Img_65_9.jpg,8,1
65,10,Img_65_10.jpg,8,1
65,11,Img_65_11.jpg,8,1
65,12,Img_65_12.jpg,8,1
65,13,Img_65_13.jpg,8,1
65,14,Img_65_14.jpg,8,1
65,15,Img_65_15.jpg,8,1
65,16,Img_65_16.jpg,8,2
65,17,Img_65_17.jpg,8,2
65,18,Img_65_18.jpg,8,2
65,19,Img_65_19.jpg,8,2
65,20,Img_65_20.jpg,8,2
65,21,Img_65_21.jpg,8,2
65,22,Img_65_22.jpg,8,2
65,23,Img_65_23.jpg,8,2
65,24,Img_65_24.jpg,8,3
65,25,Img_65_25.jpg,8,3
65,26,Img_65_26.jpg,8,3
65,27,Img_65_27.jpg,8,3
65,28,Img_65_28.jpg,8,3
65,29,Img_65_29.jpg,8,3
65,30,Img_65_30.jpg,8,3
65,31,Img_65_31.jpg,8,3
65,32,Img_65_32.jpg,8,4
65,33,Img_65_33.jpg,8,4
65,34,Img_65_34.jpg,8,4
65,35,Img_65_35.jpg,8,4
65,36,Img_65_36.jpg,8,4
65,37,Img_65_37.jpg,8,4
65,38,Img_65_38.jpg,8,4
65,39,Img_65_39.jpg,8,4
65,40,Img_65_40.jpg,8,5
65,41,Img_65_41.jpg,8,5
65,42,Img_65_42.jpg,8,5
65,43,Img_65_43.jpg,8,5
65,44,Img_65_44.jpg,8,5
65,45,Img_65_45.jpg,8,5
65,46,Img_65_46.jpg,8,5
65,47,Img_65_47.jpg,8,5
65,48,Img_65_48.jpg,8,6
65,49,Img_65_49.jpg,8,6
65,50,Img_65_50.jpg,8,6
65,51,Img_65_51.jpg,8,6
65,52,Img_65_52.jpg,8,6
65,53,Img_65_53.jpg,8,6
65,54,Img_65_54.jpg,8,6
65,55,Img_65_55.jpg,8,6
65,56,Img_65_56.jpg,8,7
65,57,Img_65_57.jpg,8,7
65,58,Img_65_58.jpg,8,7
65,59,Img_65_59.jpg,8,7
65,60,Img_65_60.jpg,8,7
65,61,Img_65_61.jpg,8,7
65,62,Img_65_62.jpg,8,7
65,63,Img_65_63.jpg,8,7
65,64,Img_65_64.jpg,8,8
65,65,Img_65_65.jpg,8,8
65,66,Img_65_66.jpg,8,8
65,67,Img_65_67.jpg,8,8
65,68,Img_65_68.jpg,8,8
65,69,Img_65_69.jpg,8,8
65,70,Img_65_70.jpg,8,8
65,71,Img_65_71.jpg,8,8
65,72,Img_65_72.jpg,8,9
65,73,Img_65_73.jpg,8,9
65,74,Img_65_74.jpg,8,9
65,75,Img_65_75.jpg,8,9
65,76,Img_65_76.jpg,8,9
65,77,Img_65_77.jpg,8,9
65,78,Img_65_78.jpg,8,9
65,79,Img_65_79.jpg,8,9
65,80,Img_65_80.jpg,8,10
65,81,Img_65_81.jpg,8,10
65,82,Img_65_82.jpg,8,10
65,83,Img_65_83.jpg,8,10
65,84,Img_65_84.jpg,8,10
65,85,Img_65_85.jpg,8,10
65,86,Img_65_86.jpg,8,10
65,87,Img_65_87.jpg,8,10
66,0,Img_66_0.jpg,8,0
66,1,Img_66_1.jpg,8,0
66,2,Img_66_2.jpg,8,0
66,3,Img_66_3.jpg,8,0
66,4,Img_66_4.jpg,8,0
66,5,Img_66_5.jpg,8,0
66,6,Img_66_6.jpg,8,0
66,7,Img_66_7.jpg,8,0
66,8,Img_66_8.jpg,8,1
66,9,Img_66_9.jpg,8,1
66,10,Img_66_10.jpg,8,1
66,11,Img_66_11.jpg,8,1
66,12,Img_66_12.jpg,8,1
66,13,Img_66_13.jpg,8,1
66,14,Img_66_14.jpg,8,1
66,15,Img_66_15.jpg,8,1
66,16,Img_66_16.jpg,8,2
66,17,Img_66_17.jpg,8,2
66,18,Img_66_18.jpg,8,2
66,19,Img_66_19.jpg,8,2
66,20,Img_66_20.jpg,8,2
66,21,Img_66_21.jpg,8,2
66,22,Img_66_22.jpg,8,2
66,23,Img_66_23.jpg,8,2
66,24,Img_66_24.jpg,8,3
66,25,Img_66_25.jpg,8,3
66,26,Img_66_26.jpg,8,3
66,27,Img_66_27.jpg,8,3
66,28,Img_66_28.jpg,8,3
66,29,Img_66_29.jpg,8,3
66,30,Img_66_30.jpg,8,3
66,31,Img_66_31.jpg,8,3
66,32,Img_66_32.jpg,8,4
66,33,Img_66_33.jpg,8,4
66,34,Img_66_34.jpg,8,4
66,35,Img_66_35.jpg,8,4
66,36,Img_66_36.jpg,8,4
66,37,Img_66_37.jpg,8,4
66,38,Img_66_38.jpg,8,4
66,39,Img_66_39.jpg,8,4
66,40,Img_66_40.jpg,8,5
66,41,Img_66_41.jpg,8,5
66,42,Img_66_42.jpg,8,5
66,43,Img_66_43.jpg,8,5
66,44,Img_66_44.jpg,8,5
66,45,Img_66_45.jpg,8,5
66,46,Img_66_46.jpg,8,5
66,47,Img_66_47.jpg,8,5
66,48,Img_66_48.jpg,8,6
66,49,Img_66_49.jpg,8,6
66,50,Img_66_50.jpg,8,6
66,51,Img_66_51.jpg,8,6
66,52,Img_66_52.jpg,8,6
66,53,Img_66_53.jpg,8,6
66,54,Img_66_54.jpg,8,6
66,55,Img_66_55.jpg,8,6
66,56,Img_66_56.jpg,8,7
66,57,Img_66_57.jpg,8,7
66,58,Img_66_58.jpg,8,7
66,59,Img_66_59.jpg,8,7
66,60,Img_66_60.jpg,8,7
66,61,Img_66_61.jpg,8,7
66,62,Img_66_62.jpg,8,7
66,63,Img_66_63.jpg,8,7
66,64,Img_66_64.jpg,8,8
66,65,Img_66_65.jpg,8,8
66,66,Img_66_66.jpg,8,8
66,67,Img_66_67.jpg,8,8
66,68,Img_66_68.jpg,8,8
66,69,Img_66_69.jpg,8,8
66,70,Img_66_70.jpg,8,8
66,71,Img_66_71.jpg,8,8
66,72,Img_66_72.jpg,8,9
66,73,Img_66_73.jpg,8,9
66,74,Img_66_74.jpg,8,9
66,75,Img_66_75.jpg,8,9
66,76,Img_66_76.jpg,8,9
66,77,Img_66_77.jpg,8,9
66,78,Img_66_78.jpg,8,9
66,79,Img_66_79.jpg,8,9
66,80,Img_66_80.jpg,8,10
66,81,Img_66_81.jpg,8,10
66,82,Img_66_82.jpg,8,10
66,83,Img_66_83.jpg,8,10
66,84,Img_66_84.jpg,8,10
66,85,Img_66_85.jpg,8,10
66,86,Img_66_86.jpg,8,10
66,87,Img_66_87.jpg,8,10
67,0,Img_67_0.jpg,8,0
67,1,Img_67_1.jpg,8,0
67,2,Img_67_2.jpg,8,0
67,3,Img_67_3.jpg,8,0
67,4,Img_67_4.jpg,8,0
67,5,Img_67_5.jpg,8,0
67,6,Img_67_6.jpg,8,0
67,7,Img_67_7.jpg,8,0
67,8,Img_67_8.jpg,8,1
67,9,Img_67_9.jpg,8,1
67,10,Img_67_10.jpg,8,1
67,11,Img_67_11.jpg,8,1
67,12,Img_67_12.jpg,8,1
67,13,Img_67_13.jpg,8,1
67,14,Img_67_14.jpg,8,1
67,15,Img_67_15.jpg,8,1
67,16,Img_67_16.jpg,8,2
67,17,Img_67_17.jpg,8,2
67,18,Img_67_18.jpg,8,2
67,19,Img_67_19.jpg,8,2
67,20,Img_67_20.jpg,8,2
67,21,Img_67_21.jpg,8,2
67,22,Img_67_22.jpg,8,2
67,23,Img_67_23.jpg,8,2
67,24,Img_67_24.jpg,8,3
67,25,Img_67_25.jpg,8,3
67,26,Img_67_26.jpg,8,3
67,27,Img_67_27.jpg,8,3
67,28,Img_67_28.jpg,8,3
67,29,Img_67_29.jpg,8,3
67,30,Img_67_30.jpg,8,3
67,31,Img_67_31.jpg,8,3
67,32,Img_67_32.jpg,8,4
67,33,Img_67_33.jpg,8,4
67,34,Img_67_34.jpg,8,4
67,35,Img_67_35.jpg,8,4
67,36,Img_67_36.jpg,8,4
67,37,Img_67_37.jpg,8,4
67,38,Img_67_38.jpg,8,4
67,39,Img_67_39.jpg,8,4
67,40,Img_67_40.jpg,8,5
67,41,Img_67_41.jpg,8,5
67,42,Img_67_42.jpg,8,5
67,43,Img_67_43.jpg,8,5
67,44,Img_67_44.jpg,8,5
67,45,Img_67_45.jpg,8,5
67,46,Img_67_46.jpg,8,5
67,47,Img_67_47.jpg,8,5
67,48,Img_67_48.jpg,8,6
67,49,Img_67_49.jpg,8,6
67,50,Img_67_50.jpg,8,6
67,51,Img_67_51.jpg,8,6
67,52,Img_67_52.jpg,8,6
67,53,Img_67_53.jpg,8,6
67,54,Img_67_54.jpg,8,6
67,55,Img_67_55.jpg,8,6
67,56,Img_67_56.jpg,8,7
67,57,Img_67_57.jpg,8,7
67,58,Img_67_58.jpg,8,7
67,59,Img_67_59.jpg,8,7
67,60,Img_67_60.jpg,8,7
67,61,Img_67_61.jpg,8,7
67,62,Img_67_62.jpg,8,7
67,63,Img_67_63.jpg,8,7
67,64,Img_67_64.jpg,8,8
67,65,Img_67_65.jpg,8,8
67,66,Img_67_66.jpg,8,8
67,67,Img_67_67.jpg,8,8
67,68,Img_67_68.jpg,8,8
67,69,Img_67_69.jpg,8,8
67,70,Img_67_70.jpg,8,8
67,71,Img_67_71.jpg,8,8
67,72,Img_67_72.jpg,8,9
67,73,Img_67_73.jpg,8,9
67,74,Img_67_74.jpg,8,9
67,75,Img_67_75.jpg,8,9
67,76,Img_67_76.jpg,8,9
67,77,Img_67_77.jpg,8,9
67,78,Img_67_78.jpg,8,9
67,79,Img_67_79.jpg,8,9
67,80,Img_67_80.jpg,8,10
67,81,Img_67_81.jpg,8,10
67,82,Img_67_82.jpg,8,10
67,83,Img_67_83.jpg,8,10
67,84,Img_67_84.jpg,8,10
67,85,Img_67_85.jpg,8,10
67,86,Img_67_86.jpg,8,10
67,87,Img_67_87.jpg,8,10
68,0,Img_68_0.jpg,8,0
68,1,Img_68_1.jpg,8,0
68,2,Img_68_2.jpg,8,0
68,3,Img_68_3.jpg,8,0
68,4,Img_68_4.jpg,8,0
68,5,Img_68_5.jpg,8,0
68,6,Img_68_6.jpg,8,0
68,7,Img_68_7.jpg,8,0
68,8,Img_68_8.jpg,8,1
68,9,Img_68_9.jpg,8,1
68,10,Img_68_10.jpg,8,1
68,11,Img_68_11.jpg,8,1
68,12,Img_68_12.jpg,8,1
68,13,Img_68_13.jpg,8,1
68,14,Img_68_14.jpg,8,1
68,15,Img_68_15.jpg,8,1
68,16,Img_68_16.jpg,8,2
68,17,Img_68_17.jpg,8,2
68,18,Img_68_18.jpg,8,2
68,19,Img_68_19.jpg,8,2
68,20,Img_68_20.jpg,8,2
68,21,Img_68_21.jpg,8,2
68,22,Img_68_22.jpg,8,2
68,23,Img_68_23.jpg,8,2
68,24,Img_68_24.jpg,8,3
68,25,Img_68_25.jpg,8,3
68,26,Img_68_26.jpg,8,3
68,27,Img_68_27.jpg,8,3
68,28,Img_68_28.jpg,8,3
68,29,Img_68_29.jpg,8,3
68,30,Img_68_30.jpg,8,3
68,31,Img_68_31.jpg,8,3
68,32,Img_68_32.jpg,8,4
68,33,Img_68_33.jpg,8,4
68,34,Img_68_34.jpg,8,4
68,35,Img_68_35.jpg,8,4
68,36,Img_68_36.jpg,8,4
68,37,Img_68_37.jpg,8,4
68,38,Img_68_38.jpg,8,4
68,39,Img_68_39.jpg,8,4
68,40,Img_68_40.jpg,8,5
68,41,Img_68_41.jpg,8,5
68,42,Img_68_42.jpg,8,5
68,43,Img_68_43.jpg,8,5
68,44,Img_68_44.jpg,8,5
68,45,Img_68_45.jpg,8,5
68,46,Img_68_46.jpg,8,5
68,47,Img_68_47.jpg,8,5
68,48,Img_68_48.jpg,8,6
68,49,Img_68_49.jpg,8,6
68,50,Img_68_50.jpg,8,6
68,51,Img_68_51.jpg,8,6
68,52,Img_68_52.jpg,8,6
68,53,Img_68_53.jpg,8,6
68,54,Img_68_54.jpg,8,6
68,55,Img_68_55.jpg,8,6
68,56,Img_68_56.jpg,8,7
68,57,Img_68_57.jpg,8,7
68,58,Img_68_58.jpg,8,7
68,59,Img_68_59.jpg,8,7
68,60,Img_68_60.jpg,8,7
68,61,Img_68_61.jpg,8,7
68,62,Img_68_62.jpg,8,7
68,63,Img_68_63.jpg,8,7
68,64,Img_68_64.jpg,8,8
68,65,Img_68_65.jpg,8,8
68,66,Img_68_66.jpg,8,8
68,67,Img_68_67.jpg,8,8
68,68,Img_68_68.jpg,8,8
68,69,Img_68_69.jpg,8,8
68,70,Img_68_70.jpg,8,8
68,71,Img_68_71.jpg,8,8
68,72,Img_68_72.jpg,8,9
68,73,Img_68_73.jpg,8,9
68,74,Img_68_74.jpg,8,9
68,75,Img_68_75.jpg,8,9
68,76,Img_68_76.jpg,8,9
68,77,Img_68_77.jpg,8,9
68,78,Img_68_78.jpg,8,9
68,79,Img_68_79.jpg,8,9
68,80,Img_68_80.jpg,8,10
68,81,Img_68_81.jpg,8,10
68,82,Img_68_82.jpg,8,10
68,83,Img_68_83.jpg,8,10
68,84,Img_68_84.jpg,8,10
68,85,Img_68_85.jpg,8,10
68,86,Img_68_86.jpg,8,10
68,87,Img_68_87.jpg,8,10
69,0,Img_69_0.jpg,8,0
69,1,Img_69_1.jpg,8,0
69,2,Img_69_2.jpg,8,0
69,3,Img_69_3.jpg,8,0
69,4,Img_69_4.jpg,8,0
69,5,Img_69_5.jpg,8,0
69,6,Img_69_6.jpg,8,0
69,7,Img_69_7.jpg,8,0
69,8,Img_69_8.jpg,8,1
69,9,Img_69_9.jpg,8,1
69,10,Img_69_10.jpg,8,1
69,11,Img_69_11.jpg,8,1
69,12,Img_69_12.jpg,8,1
69,13,Img_69_13.jpg,8,1
69,14,Img_69_14.jpg,8,1
69,15,Img_69_15.jpg,8,1
69,16,Img_69_16.jpg,8,2
69,17,Img_69_17.jpg,8,2
69,18,Img_69_18.jpg,8,2
69,19,Img_69_19.jpg,8,2
69,20,Img_69_20.jpg,8,2
69,21,Img_69_21.jpg,8,2
69,22,Img_69_22.jpg,8,2
69,23,Img_69_23.jpg,8,2
69,24,Img_69_24.jpg,8,3
69,25,Img_69_25.jpg,8,3
69,26,Img_69_26.jpg,8,3
69,27,Img_69_27.jpg,8,3
69,28,Img_69_28.jpg,8,3
69,29,Img_69_29.jpg,8,3
69,30,Img_69_30.jpg,8,3
69,31,Img_69_31.jpg,8,3
69,32,Img_69_32.jpg,8,4
69,33,Img_69_33.jpg,8,4
69,34,Img_69_34.jpg,8,4
69,35,Img_69_35.jpg,8,4
69,36,Img_69_36.jpg,8,4
69,37,Img_69_37.jpg,8,4
69,38,Img_69_38.jpg,8,4
69,39,Img_69_39.jpg,8,4
69,40,Img_69_40.jpg,8,5
69,41,Img_69_41.jpg,8,5
69,42,Img_69_42.jpg,8,5
69,43,Img_69_43.jpg,8,5
69,44,Img_69_44.jpg,8,5
69,45,Img_69_45.jpg,8,5
69,46,Img_69_46.jpg,8,5
69,47,Img_69_47.jpg,8,5
69,48,Img_69_48.jpg,8,6
69,49,Img_69_49.jpg,8,6
69,50,Img_69_50.jpg,8,6
69,51,Img_69_51.jpg,8,6
69,52,Img_69_52.jpg,8,6
69,53,Img_69_53.jpg,8,6
69,54,Img_69_54.jpg,8,6
69,55,Img_69_55.jpg,8,6
69,56,Img_69_56.jpg,8,7
69,57,Img_69_57.jpg,8,7
69,58,Img_69_58.jpg,8,7
69,59,Img_69_59.jpg,8,7
69,60,Img_69_60.jpg,8,7
69,61,Img_69_61.jpg,8,7
69,62,Img_69_62.jpg,8,7
69,63,Img_69_63.jpg,8,7
69,64,Img_69_64.jpg,8,8
69,65,Img_69_65.jpg,8,8
69,66,Img_69_66.jpg,8,8
69,67,Img_69_67.jpg,8,8
69,68,Img_69_68.jpg,8,8
69,69,Img_69_69.jpg,8,8
69,70,Img_69_70.jpg,8,8
69,71,Img_69_71.jpg,8,8
69,72,Img_69_72.jpg,8,9
69,73,Img_69_73.jpg,8,9
69,74,Img_69_74.jpg,8,9
69,75,Img_69_75.jpg,8,9
69,76,Img_69_76.jpg,8,9
69,77,Img_69_77.jpg,8,9
69,78,Img_69_78.jpg,8,9
69,79,Img_69_79.jpg,8,9
69,80,Img_69_80.jpg,8,10
69,81,Img_69_81.jpg,8,10
69,82,Img_69_82.jpg,8,10
69,83,Img_69_83.jpg,8,10
69,84,Img_69_84.jpg,8,10
69,85,Img_69_85.jpg,8,10
69,86,Img_69_86.jpg,8,10
69,87,Img_69_87.jpg,8,10
70,0,Img_70_0.jpg,8,0
70,1,Img_70_1.jpg,8,0
70,2,Img_70_2.jpg,8,0
70,3,Img_70_3.jpg,8,0
70,4,Img_70_4.jpg,8,0
70,5,Img_70_5.jpg,8,0
70,6,Img_70_6.jpg,8,0
70,7,Img_70_7.jpg,8,0
70,8,Img_70_8.jpg,8,1
70,9,Img_70_9.jpg,8,1
70,10,Img_70_10.jpg,8,1
70,11,Img_70_11.jpg,8,1
70,12,Img_70_12.jpg,8,1
70,13,Img_70_13.jpg,8,1
70,14,Img_70_14.jpg,8,1
70,15,Img_70_15.jpg,8,1
70,16,Img_70_16.jpg,8,2
70,17,Img_70_17.jpg,8,2
70,18,Img_70_18.jpg,8,2
70,19,Img_70_19.jpg,8,2
70,20,Img_70_20.jpg,8,2
70,21,Img_70_21.jpg,8,2
70,22,Img_70_22.jpg,8,2
70,23,Img_70_23.jpg,8,2
70,24,Img_70_24.jpg,8,3
70,25,Img_70_25.jpg,8,3
70,26,Img_70_26.jpg,8,3
70,27,Img_70_27.jpg,8,3
70,28,Img_70_28.jpg,8,3
70,29,Img_70_29.jpg,8,3
70,30,Img_70_30.jpg,8,3
70,31,Img_70_31.jpg,8,3
70,32,Img_70_32.jpg,8,4
70,33,Img_70_33.jpg,8,4
70,34,Img_70_34.jpg,8,4
70,35,Img_70_35.jpg,8,4
70,36,Img_70_36.jpg,8,4
70,37,Img_70_37.jpg,8,4
70,38,Img_70_38.jpg,8,4
70,39,Img_70_39.jpg,8,4
70,40,Img_70_40.jpg,8,5
70,41,Img_70_41.jpg,8,5
70,42,Img_70_42.jpg,8,5
70,43,Img_70_43.jpg,8,5
70,44,Img_70_44.jpg,8,5
70,45,Img_70_45.jpg,8,5
70,46,Img_70_46.jpg,8,5
70,47,Img_70_47.jpg,8,5
70,48,Img_70_48.jpg,8,6
70,49,Img_70_49.jpg,8,6
70,50,Img_70_50.jpg,8,6
70,51,Img_70_51.jpg,8,6
70,52,Img_70_52.jpg,8,6
70,53,Img_70_53.jpg,8,6
70,54,Img_70_54.jpg,8,6
70,55,Img_70_55.jpg,8,6
70,56,Img_70_56.jpg,8,7
70,57,Img_70_57.jpg,8,7
70,58,Img_70_58.jpg,8,7
70,59,Img_70_59.jpg,8,7
70,60,Img_70_60.jpg,8,7
70,61,Img_70_61.jpg,8,7
70,62,Img_70_62.jpg,8,7
70,63,Img_70_63.jpg,8,7
70,64,Img_70_64.jpg,8,8
70,65,Img_70_65.jpg,8,8
70,66,Img_70_66.jpg,8,8
70,67,Img_70_67.jpg,8,8
70,68,Img_70_68.jpg,8,8
70,69,Img_70_69.jpg,8,8
70,70,Img_70_70.jpg,8,8
70,71,Img_70_71.jpg,8,8
70,72,Img_70_72.jpg,8,9
70,73,Img_70_73.jpg,8,9
70,74,Img_70_74.jpg,8,9
70,75,Img_70_75.jpg,8,9
70,76,Img_70_76.jpg,8,9
70,77,Img_70_77.jpg,8,9
70,78,Img_70_78.jpg,8,9
70,79,Img_70_79.jpg,8,9
70,80,Img_70_80.jpg,8,10
70,81,Img_70_81.jpg,8,10
70,82,Img_70_82.jpg,8,10
70,83,Img_70_83.jpg,8,10
70,84,Img_70_84.jpg,8,10
70,85,Img_70_85.jpg,8,10
70,86,Img_70_86.jpg,8,10
70,87,Img_70_87.jpg,8,10
71,0,Img_71_0.jpg,8,0
71,1,Img_71_1.jpg,8,0
71,2,Img_71_2.jpg,8,0
71,3,Img_71_3.jpg,8,0
71,4,Img_71_4.jpg,8,0
71,5,Img_71_5.jpg,8,0
71,6,Img_71_6.jpg,8,0
71,7,Img_71_7.jpg,8,0
71,8,Img_71_8.jpg,8,1
71,9,Img_71_9.jpg,8,1
71,10,Img_71_10.jpg,8,1
71,11,Img_71_11.jpg,8,1
71,12,Img_71_12.jpg,8,1
71,13,Img_71_13.jpg,8,1
71,14,Img_71_14.jpg,8,1
71,15,Img_71_15.jpg,8,1
71,16,Img_71_16.jpg,8,2
71,17,Img_71_17.jpg,8,2
71,18,Img_71_18.jpg,8,2
71,19,Img_71_19.jpg,8,2
71,20,Img_71_20.jpg,8,2
71,21,Img_71_21.jpg,8,2
71,22,Img_71_22.jpg,8,2
71,23,Img_71_23.jpg,8,2
71,24,Img_71_24.jpg,8,3
71,25,Img_71_25.jpg,8,3
71,26,Img_71_26.jpg,8,3
71,27,Img_71_27.jpg,8,3
71,28,Img_71_28.jpg,8,3
71,29,Img_71_29.jpg,8,3
71,30,Img_71_30.jpg,8,3
71,31,Img_71_31.jpg,8,3
71,32,Img_71_32.jpg,8,4
71,33,Img_71_33.jpg,8,4
71,34,Img_71_34.jpg,8,4
71,35,Img_71_35.jpg,8,4
71,36,Img_71_36.jpg,8,4
71,37,Img_71_37.jpg,8,4
71,38,Img_71_38.jpg,8,4
71,39,Img_71_39.jpg,8,4
71,40,Img_71_40.jpg,8,5
71,41,Img_71_41.jpg,8,5
71,42,Img_71_42.jpg,8,5
71,43,Img_71_43.jpg,8,5
71,44,Img_71_44.jpg,8,5
71,45,Img_71_45.jpg,8,5
71,46,Img_71_46.jpg,8,5
71,47,Img_71_47.jpg,8,5
71,48,Img_71_48.jpg,8,6
71,49,Img_71_49.jpg,8,6
71,50,Img_71_50.jpg,8,6
71,51,Img_71_51.jpg,8,6
71,52,Img_71_52.jpg,8,6
71,53,Img_71_53.jpg,8,6
71,54,Img_71_54.jpg,8,6
71,55,Img_71_55.jpg,8,6
71,56,Img_71_56.jpg,8,7
71,57,Img_71_57.jpg,8,7
71,58,Img_71_58.jpg,8,7
71,59,Img_71_59.jpg,8,7
71,60,Img_71_60.jpg,8,7
71,61,Img_71_61.jpg,8,7
71,62,Img_71_62.jpg,8,7
71,63,Img_71_63.jpg,8,7
71,64,Img_71_64.jpg,8,8
71,65,Img_71_65.jpg,8,8
71,66,Img_71_66.jpg,8,8
71,67,Img_71_67.jpg,8,8
71,68,Img_71_68.jpg,8,8
71,69,Img_71_69.jpg,8,8
71,70,Img_71_70.jpg,8,8
71,71,Img_71_71.jpg,8,8
71,72,Img_71_72.jpg,8,9
71,73,Img_71_73.jpg,8,9
71,74,Img_71_74.jpg,8,9
71,75,Img_71_75.jpg,8,9
71,76,Img_71_76.jpg,8,9
71,77,Img_71_77.jpg,8,9
71,78,Img_71_78.jpg,8,9
71,79,Img_71_79.jpg,8,9
71,80,Img_71_80.jpg,8,10
71,81,Img_71_81.jpg,8,10
71,82,Img_71_82.jpg,8,10
71,83,Img_71_83.jpg,8,10
71,84,Img_71_84.jpg,8,10
71,85,Img_71_85.jpg,8,10
71,86,Img_71_86.jpg,8,10
71,87,Img_71_87.jpg,8,10
72,0,Img_72_0.jpg,9,0
72,1,Img_72_1.jpg,9,0
72,2,Img_72_2.jpg,9,0
72,3,Img_72_3.jpg,9,0
72,4,Img_72_4.jpg,9,0
72,5,Img_72_5.jpg,9,0
72,6,Img_72_6.jpg,9,0
72,7,Img_72_7.jpg,9,0
72,8,Img_72_8.jpg,9,1
72,9,Img_72_9.jpg,9,1
72,10,Img_72_10.jpg,9,1
72,11,Img_72_11.jpg,9,1
72,12,Img_72_12.jpg,9,1
72,13,Img_72_13.jpg,9,1
72,14,Img_72_14.jpg,9,1
72,15,Img_72_15.jpg,9,1
72,16,Img_72_16.jpg,9,2
72,17,Img_72_17.jpg,9,2
72,18,Img_72_18.jpg,9,2
72,19,Img_72_19.jpg,9,2
72,20,Img_72_20.jpg,9,2
72,21,Img_72_21.jpg,9,2
72,22,Img_72_22.jpg,9,2
72,23,Img_72_23.jpg,9,2
72,24,Img_72_24.jpg,9,3
72,25,Img_72_25.jpg,9,3
72,26,Img_72_26.jpg,9,3
72,27,Img_72_27.jpg,9,3
72,28,Img_72_28.jpg,9,3
72,29,Img_72_29.jpg,9,3
72,30,Img_72_30.jpg,9,3
72,31,Img_72_31.jpg,9,3
72,32,Img_72_32.jpg,9,4
72,33,Img_72_33.jpg,9,4
72,34,Img_72_34.jpg,9,4
72,35,Img_72_35.jpg,9,4
72,36,Img_72_36.jpg,9,4
72,37,Img_72_37.jpg,9,4
72,38,Img_72_38.jpg,9,4
72,39,Img_72_39.jpg,9,4
72,40,Img_72_40.jpg,9,5
72,41,Img_72_41.jpg,9,5
72,42,Img_72_42.jpg,9,5
72,43,Img_72_43.jpg,9,5
72,44,Img_72_44.jpg,9,5
72,45,Img_72_45.jpg,9,5
72,46,Img_72_46.jpg,9,5
72,47,Img_72_47.jpg,9,5
72,48,Img_72_48.jpg,9,6
72,49,Img_72_49.jpg,9,6
72,50,Img_72_50.jpg,9,6
72,51,Img_72_51.jpg,9,6
72,52,Img_72_52.jpg,9,6
72,53,Img_72_53.jpg,9,6
72,54,Img_72_54.jpg,9,6
72,55,Img_72_55.jpg,9,6
72,56,Img_72_56.jpg,9,7
72,57,Img_72_57.jpg,9,7
72,58,Img_72_58.jpg,9,7
72,59,Img_72_59.jpg,9,7
72,60,Img_72_60.jpg,9,7
72,61,Img_72_61.jpg,9,7
72,62,Img_72_62.jpg,9,7
72,63,Img_72_63.jpg,9,7
72,64,Img_72_64.jpg,9,8
72,65,Img_72_65.jpg,9,8
72,66,Img_72_66.jpg,9,8
72,67,Img_72_67.jpg,9,8
72,68,Img_72_68.jpg,9,8
72,69,Img_72_69.jpg,9,8
72,70,Img_72_70.jpg,9,8
72,71,Img_72_71.jpg,9,8
72,72,Img_72_72.jpg,9,9
72,73,Img_72_73.jpg,9,9
72,74,Img_72_74.jpg,9,9
72,75,Img_72_75.jpg,9,9
72,76,Img_72_76.jpg,9,9
72,77,Img_72_77.jpg,9,9
72,78,Img_72_78.jpg,9,9
72,79,Img_72_79.jpg,9,9
72,80,Img_72_80.jpg,9,10
72,81,Img_72_81.jpg,9,10
72,82,Img_72_82.jpg,9,10
72,83,Img_72_83.jpg,9,10
72,84,Img_72_84.jpg,9,10
72,85,Img_72_85.jpg,9,10
72,86,Img_72_86.jpg,9,10
72,87,Img_72_87.jpg,9,10
73,0,Img_73_0.jpg,9,0
73,1,Img_73_1.jpg,9,0
73,2,Img_73_2.jpg,9,0
73,3,Img_73_3.jpg,9,0
73,4,Img_73_4.jpg,9,0
73,5,Img_73_5.jpg,9,0
73,6,Img_73_6.jpg,9,0
73,7,Img_73_7.jpg,9,0
73,8,Img_73_8.jpg,9,1
73,9,Img_73_9.jpg,9,1
73,10,Img_73_10.jpg,9,1
73,11,Img_73_11.jpg,9,1
73,12,Img_73_12.jpg,9,1
73,13,Img_73_13.jpg,9,1
73,14,Img_73_14.jpg,9,1
73,15,Img_73_15.jpg,9,1
73,16,Img_73_16.jpg,9,2
73,17,Img_73_17.jpg,9,2
73,18,Img_73_18.jpg,9,2
73,19,Img_73_19.jpg,9,2
73,20,Img_73_20.jpg,9,2
73,21,Img_73_21.jpg,9,2
73,22,Img_73_22.jpg,9,2
73,23,Img_73_23.jpg,9,2
73,24,Img_73_24.jpg,9,3
73,25,Img_73_25.jpg,9,3
73,26,Img_73_26.jpg,9,3
73,27,Img_73_27.jpg,9,3
73,28,Img_73_28.jpg,9,3
73,29,Img_73_29.jpg,9,3
73,30,Img_73_30.jpg,9,3
73,31,Img_73_31.jpg,9,3
73,32,Img_73_32.jpg,9,4
73,33,Img_73_33.jpg,9,4
73,34,Img_73_34.jpg,9,4
73,35,Img_73_35.jpg,9,4
73,36,Img_73_36.jpg,9,4
73,37,Img_73_37.jpg,9,4
73,38,Img_73_38.jpg,9,4
73,39,Img_73_39.jpg,9,4
73,40,Img_73_40.jpg,9,5
73,41,Img_73_41.jpg,9,5
73,42,Img_73_42.jpg,9,5
73,43,Img_73_43.jpg,9,5
73,44,Img_73_44.jpg,9,5
73,45,Img_73_45.jpg,9,5
73,46,Img_73_46.jpg,9,5
73,47,Img_73_47.jpg,9,5
73,48,Img_73_48.jpg,9,6
73,49,Img_73_49.jpg,9,6
73,50,Img_73_50.jpg,9,6
73,51,Img_73_51.jpg,9,6
73,52,Img_73_52.jpg,9,6
73,53,Img_73_53.jpg,9,6
73,54,Img_73_54.jpg,9,6
73,55,Img_73_55.jpg,9,6
73,56,Img_73_56.jpg,9,7
73,57,Img_73_57.jpg,9,7
73,58,Img_73_58.jpg,9,7
73,59,Img_73_59.jpg,9,7
73,60,Img_73_60.jpg,9,7
73,61,Img_73_61.jpg,9,7
73,62,Img_73_62.jpg,9,7
73,63,Img_73_63.jpg,9,7
73,64,Img_73_64.jpg,9,8
73,65,Img_73_65.jpg,9,8
73,66,Img_73_66.jpg,9,8
73,67,Img_73_67.jpg,9,8
73,68,Img_73_68.jpg,9,8
73,69,Img_73_69.jpg,9,8
73,70,Img_73_70.jpg,9,8
73,71,Img_73_71.jpg,9,8
73,72,Img_73_72.jpg,9,9
73,73,Img_73_73.jpg,9,9
73,74,Img_73_74.jpg,9,9
73,75,Img_73_75.jpg,9,9
73,76,Img_73_76.jpg,9,9
73,77,Img_73_77.jpg,9,9
73,78,Img_73_78.jpg,9,9
73,79,Img_73_79.jpg,9,9
73,80,Img_73_80.jpg,9,10
73,81,Img_73_81.jpg,9,10
73,82,Img_73_82.jpg,9,10
73,83,Img_73_83.jpg,9,10
73,84,Img_73_84.jpg,9,10
73,85,Img_73_85.jpg,9,10
73,86,Img_73_86.jpg,9,10
73,87,Img_73_87.jpg,9,10
74,0,Img_74_0.jpg,9,0
74,1,Img_74_1.jpg,9,0
74,2,Img_74_2.jpg,9,0
74,3,Img_74_3.jpg,9,0
74,4,Img_74_4.jpg,9,0
74,5,Img_74_5.jpg,9,0
74,6,Img_74_6.jpg,9,0
74,7,Img_74_7.jpg,9,0
74,8,Img_74_8.jpg,9,1
74,9,Img_74_9.jpg,9,1
74,10,Img_74_10.jpg,9,1
74,11,Img_74_11.jpg,9,1
74,12,Img_74_12.jpg,9,1
74,13,Img_74_13.jpg,9,1
74,14,Img_74_14.jpg,9,1
74,15,Img_74_15.jpg,9,1
74,16,Img_74_16.jpg,9,2
74,17,Img_74_17.jpg,9,2
74,18,Img_74_18.jpg,9,2
74,19,Img_74_19.jpg,9,2
74,20,Img_74_20.jpg,9,2
74,21,Img_74_21.jpg,9,2
74,22,Img_74_22.jpg,9,2
74,23,Img_74_23.jpg,9,2
74,24,Img_74_24.jpg,9,3
74,25,Img_74_25.jpg,9,3
74,26,Img_74_26.jpg,9,3
74,27,Img_74_27.jpg,9,3
74,28,Img_74_28.jpg,9,3
74,29,Img_74_29.jpg,9,3
74,30,Img_74_30.jpg,9,3
74,31,Img_74_31.jpg,9,3
74,32,Img_74_32.jpg,9,4
74,33,Img_74_33.jpg,9,4
74,34,Img_74_34.jpg,9,4
74,35,Img_74_35.jpg,9,4
74,36,Img_74_36.jpg,9,4
74,37,Img_74_37.jpg,9,4
74,38,Img_74_38.jpg,9,4
74,39,Img_74_39.jpg,9,4
74,40,Img_74_40.jpg,9,5
74,41,Img_74_41.jpg,9,5
74,42,Img_74_42.jpg,9,5
74,43,Img_74_43.jpg,9,5
74,44,Img_74_44.jpg,9,5
74,45,Img_74_45.jpg,9,5
74,46,Img_74_46.jpg,9,5
74,47,Img_74_47.jpg,9,5
74,48,Img_74_48.jpg,9,6
74,49,Img_74_49.jpg,9,6
74,50,Img_74_50.jpg,9,6
74,51,Img_74_51.jpg,9,6
74,52,Img_74_52.jpg,9,6
74,53,Img_74_53.jpg,9,6
74,54,Img_74_54.jpg,9,6
74,55,Img_74_55.jpg,9,6
74,56,Img_74_56.jpg,9,7
74,57,Img_74_57.jpg,9,7
74,58,Img_74_58.jpg,9,7
74,59,Img_74_59.jpg,9,7
74,60,Img_74_60.jpg,9,7
74,61,Img_74_61.jpg,9,7
74,62,Img_74_62.jpg,9,7
74,63,Img_74_63.jpg,9,7
74,64,Img_74_64.jpg,9,8
74,65,Img_74_65.jpg,9,8
74,66,Img_74_66.jpg,9,8
74,67,Img_74_67.jpg,9,8
74,68,Img_74_68.jpg,9,8
74,69,Img_74_69.jpg,9,8
74,70,Img_74_70.jpg,9,8
74,71,Img_74_71.jpg,9,8
74,72,Img_74_72.jpg,9,9
74,73,Img_74_73.jpg,9,9
74,74,Img_74_74.jpg,9,9
74,75,Img_74_75.jpg,9,9
74,76,Img_74_76.jpg,9,9
74,77,Img_74_77.jpg,9,9
74,78,Img_74_78.jpg,9,9
74,79,Img_74_79.jpg,9,9
74,80,Img_74_80.jpg,9,10
74,81,Img_74_81.jpg,9,10
74,82,Img_74_82.jpg,9,10
74,83,Img_74_83.jpg,9,10
74,84,Img_74_84.jpg,9,10
74,85,Img_74_85.jpg,9,10
74,86,Img_74_86.jpg,9,10
74,87,Img_74_87.jpg,9,10
75,0,Img_75_0.jpg,9,0
75,1,Img_75_1.jpg,9,0
75,2,Img_75_2.jpg,9,0
75,3,Img_75_3.jpg,9,0
75,4,Img_75_4.jpg,9,0
75,5,Img_75_5.jpg,9,0
75,6,Img_75_6.jpg,9,0
75,7,Img_75_7.jpg,9,0
75,8,Img_75_8.jpg,9,1
75,9,Img_75_9.jpg,9,1
75,10,Img_75_10.jpg,9,1
75,11,Img_75_11.jpg,9,1
75,12,Img_75_12.jpg,9,1
75,13,Img_75_13.jpg,9,1
75,14,Img_75_14.jpg,9,1
75,15,Img_75_15.jpg,9,1
75,16,Img_75_16.jpg,9,2
75,17,Img_75_17.jpg,9,2
75,18,Img_75_18.jpg,9,2
75,19,Img_75_19.jpg,9,2
75,20,Img_75_20.jpg,9,2
75,21,Img_75_21.jpg,9,2
75,22,Img_75_22.jpg,9,2
75,23,Img_75_23.jpg,9,2
75,24,Img_75_24.jpg,9,3
75,25,Img_75_25.jpg,9,3
75,26,Img_75_26.jpg,9,3
75,27,Img_75_27.jpg,9,3
75,28,Img_75_28.jpg,9,3
75,29,Img_75_29.jpg,9,3
75,30,Img_75_30.jpg,9,3
75,31,Img_75_31.jpg,9,3
75,32,Img_75_32.jpg,9,4
75,33,Img_75_33.jpg,9,4
75,34,Img_75_34.jpg,9,4
75,35,Img_75_35.jpg,9,4
75,36,Img_75_36.jpg,9,4
75,37,Img_75_37.jpg,9,4
75,38,Img_75_38.jpg,9,4
75,39,Img_75_39.jpg,9,4
75,40,Img_75_40.jpg,9,5
75,41,Img_75_41.jpg,9,5
75,42,Img_75_42.jpg,9,5
75,43,Img_75_43.jpg,9,5
75,44,Img_75_44.jpg,9,5
75,45,Img_75_45.jpg,9,5
75,46,Img_75_46.jpg,9,5
75,47,Img_75_47.jpg,9,5
75,48,Img_75_48.jpg,9,6
75,49,Img_75_49.jpg,9,6
75,50,Img_75_50.jpg,9,6
75,51,Img_75_51.jpg,9,6
75,52,Img_75_52.jpg,9,6
75,53,Img_75_53.jpg,9,6
75,54,Img_75_54.jpg,9,6
75,55,Img_75_55.jpg,9,6
75,56,Img_75_56.jpg,9,7
75,57,Img_75_57.jpg,9,7
75,58,Img_75_58.jpg,9,7
75,59,Img_75_59.jpg,9,7
75,60,Img_75_60.jpg,9,7
75,61,Img_75_61.jpg,9,7
75,62,Img_75_62.jpg,9,7
75,63,Img_75_63.jpg,9,7
75,64,Img_75_64.jpg,9,8
75,65,Img_75_65.jpg,9,8
75,66,Img_75_66.jpg,9,8
75,67,Img_75_67.jpg,9,8
75,68,Img_75_68.jpg,9,8
75,69,Img_75_69.jpg,9,8
75,70,Img_75_70.jpg,9,8
75,71,Img_75_71.jpg,9,8
75,72,Img_75_72.jpg,9,9
75,73,Img_75_73.jpg,9,9
75,74,Img_75_74.jpg,9,9
75,75,Img_75_75.jpg,9,9
75,76,Img_75_76.jpg,9,9
75,77,Img_75_77.jpg,9,9
75,78,Img_75_78.jpg,9,9
75,79,Img_75_79.jpg,9,9
75,80,Img_75_80.jpg,9,10
75,81,Img_75_81.jpg,9,10
75,82,Img_75_82.jpg,9,10
75,83,Img_75_83.jpg,9,10
75,84,Img_75_84.jpg,9,10
75,85,Img_75_85.jpg,9,10
75,86,Img_75_86.jpg,9,10
75,87,Img_75_87.jpg,9,10
76,0,Img_76_0.jpg,9,0
76,1,Img_76_1.jpg,9,0
76,2,Img_76_2.jpg,9,0
76,3,Img_76_3.jpg,9,0
76,4,Img_76_4.jpg,9,0
76,5,Img_76_5.jpg,9,0
76,6,Img_76_6.jpg,9,0
76,7,Img_76_7.jpg,9,0
76,8,Img_76_8.jpg,9,1
76,9,Img_76_9.jpg,9,1
76,10,Img_76_10.jpg,9,1
76,11,Img_76_11.jpg,9,1
76,12,Img_76_12.jpg,9,1
76,13,Img_76_13.jpg,9,1
76,14,Img_76_14.jpg,9,1
76,15,Img_76_15.jpg,9,1
76,16,Img_76_16.jpg,9,2
76,17,Img_76_17.jpg,9,2
76,18,Img_76_18.jpg,9,2
76,19,Img_76_19.jpg,9,2
76,20,Img_76_20.jpg,9,2
76,21,Img_76_21.jpg,9,2
76,22,Img_76_22.jpg,9,2
76,23,Img_76_23.jpg,9,2
76,24,Img_76_24.jpg,9,3
76,25,Img_76_25.jpg,9,3
76,26,Img_76_26.jpg,9,3
76,27,Img_76_27.jpg,9,3
76,28,Img_76_28.jpg,9,3
76,29,Img_76_29.jpg,9,3
76,30,Img_76_30.jpg,9,3
76,31,Img_76_31.jpg,9,3
76,32,Img_76_32.jpg,9,4
76,33,Img_76_33.jpg,9,4
76,34,Img_76_34.jpg,9,4
76,35,Img_76_35.jpg,9,4
76,36,Img_76_36.jpg,9,4
76,37,Img_76_37.jpg,9,4
76,38,Img_76_38.jpg,9,4
76,39,Img_76_39.jpg,9,4
76,40,Img_76_40.jpg,9,5
76,41,Img_76_41.jpg,9,5
76,42,Img_76_42.jpg,9,5
76,43,Img_76_43.jpg,9,5
76,44,Img_76_44.jpg,9,5
76,45,Img_76_45.jpg,9,5
76,46,Img_76_46.jpg,9,5
76,47,Img_76_47.jpg,9,5
76,48,Img_76_48.jpg,9,6
76,49,Img_76_49.jpg,9,6
76,50,Img_76_50.jpg,9,6
76,51,Img_76_51.jpg,9,6
76,52,Img_76_52.jpg,9,6
76,53,Img_76_53.jpg,9,6
76,54,Img_76_54.jpg,9,6
76,55,Img_76_55.jpg,9,6
76,56,Img_76_56.jpg,9,7
76,57,Img_76_57.jpg,9,7
76,58,Img_76_58.jpg,9,7
76,59,Img_76_59.jpg,9,7
76,60,Img_76_60.jpg,9,7
76,61,Img_76_61.jpg,9,7
76,62,Img_76_62.jpg,9,7
76,63,Img_76_63.jpg,9,7
76,64,Img_76_64.jpg,9,8
76,65,Img_76_65.jpg,9,8
76,66,Img_76_66.jpg,9,8
76,67,Img_76_67.jpg,9,8
76,68,Img_76_68.jpg,9,8
76,69,Img_76_69.jpg,9,8
76,70,Img_76_70.jpg,9,8
76,71,Img_76_71.jpg,9,8
76,72,Img_76_72.jpg,9,9
76,73,Img_76_73.jpg,9,9
76,74,Img_76_74.jpg,9,9
76,75,Img_76_75.jpg,9,9
76,76,Img_76_76.jpg,9,9
76,77,Img_76_77.jpg,9,9
76,78,Img_76_78.jpg,9,9
76,79,Img_76_79.jpg,9,9
76,80,Img_76_80.jpg,9,10
76,81,Img_76_81.jpg,9,10
76,82,Img_76_82.jpg,9,10
76,83,Img_76_83.jpg,9,10
76,84,Img_76_84.jpg,9,10
76,85,Img_76_85.jpg,9,10
76,86,Img_76_86.jpg,9,10
76,87,Img_76_87.jpg,9,10
77,0,Img_77_0.jpg,9,0
77,1,Img_77_1.jpg,9,0
77,2,Img_77_2.jpg,9,0
77,3,Img_77_3.jpg,9,0
77,4,Img_77_4.jpg,9,0
77,5,Img_77_5.jpg,9,0
77,6,Img_77_6.jpg,9,0
77,7,Img_77_7.jpg,9,0
77,8,Img_77_8.jpg,9,1
77,9,Img_77_9.jpg,9,1
77,10,Img_77_10.jpg,9,1
77,11,Img_77_11.jpg,9,1
77,12,Img_77_12.jpg,9,1
77,13,Img_77_13.jpg,9,1
77,14,Img_77_14.jpg,9,1
77,15,Img_77_15.jpg,9,1
77,16,Img_77_16.jpg,9,2
77,17,Img_77_17.jpg,9,2
77,18,Img_77_18.jpg,9,2
77,19,Img_77_19.jpg,9,2
77,20,Img_77_20.jpg,9,2
77,21,Img_77_21.jpg,9,2
77,22,Img_77_22.jpg,9,2
77,23,Img_77_23.jpg,9,2
77,24,Img_77_24.jpg,9,3
77,25,Img_77_25.jpg,9,3
77,26,Img_77_26.jpg,9,3
77,27,Img_77_27.jpg,9,3
77,28,Img_77_28.jpg,9,3
77,29,Img_77_29.jpg,9,3
77,30,Img_77_30.jpg,9,3
77,31,Img_77_31.jpg,9,3
77,32,Img_77_32.jpg,9,4
77,33,Img_77_33.jpg,9,4
77,34,Img_77_34.jpg,9,4
77,35,Img_77_35.jpg,9,4
77,36,Img_77_36.jpg,9,4
77,37,Img_77_37.jpg,9,4
77,38,Img_77_38.jpg,9,4
77,39,Img_77_39.jpg,9,4
77,40,Img_77_40.jpg,9,5
77,41,Img_77_41.jpg,9,5
77,42,Img_77_42.jpg,9,5
77,43,Img_77_43.jpg,9,5
77,44,Img_77_44.jpg,9,5
77,45,Img_77_45.jpg,9,5
77,46,Img_77_46.jpg,9,5
77,47,Img_77_47.jpg,9,5
77,48,Img_77_48.jpg,9,6
77,49,Img_77_49.jpg,9,6
77,50,Img_77_50.jpg,9,6
77,51,Img_77_51.jpg,9,6
77,52,Img_77_52.jpg,9,6
77,53,Img_77_53.jpg,9,6
77,54,Img_77_54.jpg,9,6
77,55,Img_77_55.jpg,9,6
77,56,Img_77_56.jpg,9,7
77,57,Img_77_57.jpg,9,7
77,58,Img_77_58.jpg,9,7
77,59,Img_77_59.jpg,9,7
77,60,Img_77_60.jpg,9,7
77,61,Img_77_61.jpg,9,7
77,62,Img_77_62.jpg,9,7
77,63,Img_77_63.jpg,9,7
77,64,Img_77_64.jpg,9,8
77,65,Img_77_65.jpg,9,8
77,66,Img_77_66.jpg,9,8
77,67,Img_77_67.jpg,9,8
77,68,Img_77_68.jpg,9,8
77,69,Img_77_69.jpg,9,8
77,70,Img_77_70.jpg,9,8
77,71,Img_77_71.jpg,9,8
77,72,Img_77_72.jpg,9,9
77,73,Img_77_73.jpg,9,9
77,74,Img_77_74.jpg,9,9
77,75,Img_77_75.jpg,9,9
77,76,Img_77_76.jpg,9,9
77,77,Img_77_77.jpg,9,9
77,78,Img_77_78.jpg,9,9
77,79,Img_77_79.jpg,9,9
77,80,Img_77_80.jpg,9,10
77,81,Img_77_81.jpg,9,10
77,82,Img_77_82.jpg,9,10
77,83,Img_77_83.jpg,9,10
77,84,Img_77_84.jpg,9,10
77,85,Img_77_85.jpg,9,10
77,86,Img_77_86.jpg,9,10
77,87,Img_77_87.jpg,9,10
78,0,Img_78_0.jpg,9,0
78,1,Img_78_1.jpg,9,0
78,2,Img_78_2.jpg,9,0
78,3,Img_78_3.jpg,9,0
78,4,Img_78_4.jpg,9,0
78,5,Img_78_5.jpg,9,0
78,6,Img_78_6.jpg,9,0
78,7,Img_78_7.jpg,9,0
78,8,Img_78_8.jpg,9,1
78,9,Img_78_9.jpg,9,1
78,10,Img_78_10.jpg,9,1
78,11,Img_78_11.jpg,9,1
78,12,Img_78_12.jpg,9,1
78,13,Img_78_13.jpg,9,1
78,14,Img_78_14.jpg,9,1
78,15,Img_78_15.jpg,9,1
78,16,Img_78_16.jpg,9,2
78,17,Img_78_17.jpg,9,2
78,18,Img_78_18.jpg,9,2
78,19,Img_78_19.jpg,9,2
78,20,Img_78_20.jpg,9,2
78,21,Img_78_21.jpg,9,2
78,22,Img_78_22.jpg,9,2
78,23,Img_78_23.jpg,9,2
78,24,Img_78_24.jpg,9,3
78,25,Img_78_25.jpg,9,3
78,26,Img_78_26.jpg,9,3
78,27,Img_78_27.jpg,9,3
78,28,Img_78_28.jpg,9,3
78,29,Img_78_29.jpg,9,3
78,30,Img_78_30.jpg,9,3
78,31,Img_78_31.jpg,9,3
78,32,Img_78_32.jpg,9,4
78,33,Img_78_33.jpg,9,4
78,34,Img_78_34.jpg,9,4
78,35,Img_78_35.jpg,9,4
78,36,Img_78_36.jpg,9,4
78,37,Img_78_37.jpg,9,4
78,38,Img_78_38.jpg,9,4
78,39,Img_78_39.jpg,9,4
78,40,Img_78_40.jpg,9,5
78,41,Img_78_41.jpg,9,5
78,42,Img_78_42.jpg,9,5
78,43,Img_78_43.jpg,9,5
78,44,Img_78_44.jpg,9,5
78,45,Img_78_45.jpg,9,5
78,46,Img_78_46.jpg,9,5
78,47,Img_78_47.jpg,9,5
78,48,Img_78_48.jpg,9,6
78,49,Img_78_49.jpg,9,6
78,50,Img_78_50.jpg,9,6
78,51,Img_78_51.jpg,9,6
78,52,Img_78_52.jpg,9,6
78,53,Img_78_53.jpg,9,6
78,54,Img_78_54.jpg,9,6
78,55,Img_78_55.jpg,9,6
78,56,Img_78_56.jpg,9,7
78,57,Img_78_57.jpg,9,7
78,58,Img_78_58.jpg,9,7
78,59,Img_78_59.jpg,9,7
78,60,Img_78_60.jpg,9,7
78,61,Img_78_61.jpg,9,7
78,62,Img_78_62.jpg,9,7
78,63,Img_78_63.jpg,9,7
78,64,Img_78_64.jpg,9,8
78,65,Img_78_65.jpg,9,8
78,66,Img_78_66.jpg,9,8
78,67,Img_78_67.jpg,9,8
78,68,Img_78_68.jpg,9,8
78,69,Img_78_69.jpg,9,8
78,70,Img_78_70.jpg,9,8
78,71,Img_78_71.jpg,9,8
78,72,Img_78_72.jpg,9,9
78,73,Img_78_73.jpg,9,9
78,74,Img_78_74.jpg,9,9
78,75,Img_78_75.jpg,9,9
78,76,Img_78_76.jpg,9,9
78,77,Img_78_77.jpg,9,9
78,78,Img_78_78.jpg,9,9
78,79,Img_78_79.jpg,9,9
78,80,Img_78_80.jpg,9,10
78,81,Img_78_81.jpg,9,10
78,82,Img_78_82.jpg,9,10
78,83,Img_78_83.jpg,9,10
78,84,Img_78_84.jpg,9,10
78,85,Img_78_85.jpg,9,10
78,86,Img_78_86.jpg,9,10
78,87,Img_78_87.jpg,9,10
79,0,Img_79_0.jpg,9,0
79,1,Img_79_1.jpg,9,0
79,2,Img_79_2.jpg,9,0
79,3,Img_79_3.jpg,9,0
79,4,Img_79_4.jpg,9,0
79,5,Img_79_5.jpg,9,0
79,6,Img_79_6.jpg,9,0
79,7,Img_79_7.jpg,9,0
79,8,Img_79_8.jpg,9,1
79,9,Img_79_9.jpg,9,1
79,10,Img_79_10.jpg,9,1
79,11,Img_79_11.jpg,9,1
79,12,Img_79_12.jpg,9,1
79,13,Img_79_13.jpg,9,1
79,14,Img_79_14.jpg,9,1
79,15,Img_79_15.jpg,9,1
79,16,Img_79_16.jpg,9,2
79,17,Img_79_17.jpg,9,2
79,18,Img_79_18.jpg,9,2
79,19,Img_79_19.jpg,9,2
79,20,Img_79_20.jpg,9,2
79,21,Img_79_21.jpg,9,2
79,22,Img_79_22.jpg,9,2
79,23,Img_79_23.jpg,9,2
79,24,Img_79_24.jpg,9,3
79,25,Img_79_25.jpg,9,3
79,26,Img_79_26.jpg,9,3
79,27,Img_79_27.jpg,9,3
79,28,Img_79_28.jpg,9,3
79,29,Img_79_29.jpg,9,3
79,30,Img_79_30.jpg,9,3
79,31,Img_79_31.jpg,9,3
79,32,Img_79_32.jpg,9,4
79,33,Img_79_33.jpg,9,4
79,34,Img_79_34.jpg,9,4
79,35,Img_79_35.jpg,9,4
79,36,Img_79_36.jpg,9,4
79,37,Img_79_37.jpg,9,4
79,38,Img_79_38.jpg,9,4
79,39,Img_79_39.jpg,9,4
79,40,Img_79_40.jpg,9,5
79,41,Img_79_41.jpg,9,5
79,42,Img_79_42.jpg,9,5
79,43,Img_79_43.jpg,9,5
79,44,Img_79_44.jpg,9,5
79,45,Img_79_45.jpg,9,5
79,46,Img_79_46.jpg,9,5
79,47,Img_79_47.jpg,9,5
79,48,Img_79_48.jpg,9,6
79,49,Img_79_49.jpg,9,6
79,50,Img_79_50.jpg,9,6
79,51,Img_79_51.jpg,9,6
79,52,Img_79_52.jpg,9,6
79,53,Img_79_53.jpg,9,6
79,54,Img_79_54.jpg,9,6
79,55,Img_79_55.jpg,9,6
79,56,Img_79_56.jpg,9,7
79,57,Img_79_57.jpg,9,7
79,58,Img_79_58.jpg,9,7
79,59,Img_79_59.jpg,9,7
79,60,Img_79_60.jpg,9,7
79,61,Img_79_61.jpg,9,7
79,62,Img_79_62.jpg,9,7
79,63,Img_79_63.jpg,9,7
79,64,Img_79_64.jpg,9,8
79,65,Img_79_65.jpg,9,8
79,66,Img_79_66.jpg,9,8
79,67,Img_79_67.jpg,9,8
79,68,Img_79_68.jpg,9,8
79,69,Img_79_69.jpg,9,8
79,70,Img_79_70.jpg,9,8
79,71,Img_79_71.jpg,9,8
79,72,Img_79_72.jpg,9,9
79,73,Img_79_73.jpg,9,9
79,74,Img_79_74.jpg,9,9
79,75,Img_79_75.jpg,9,9
79,76,Img_79_76.jpg,9,9
79,77,Img_79_77.jpg,9,9
79,78,Img_79_78.jpg,9,9
79,79,Img_79_79.jpg,9,9
79,80,Img_79_80.jpg,9,10
79,81,Img_79_81.jpg,9,10
79,82,Img_79_82.jpg,9,10
79,83,Img_79_83.jpg,9,10
79,84,Img_79_84.jpg,9,10
79,85,Img_79_85.jpg,9,10
79,86,Img_79_86.jpg,9,10
79,87,Img_79_87.jpg,9,10
80,0,Img_80_0.jpg,10,0
80,1,Img_80_1.jpg,10,0
80,2,Img_80_2.jpg,10,0
80,3,Img_80_3.jpg,10,0
80,4,Img_80_4.jpg,10,0
80,5,Img_80_5.jpg,10,0
80,6,Img_80_6.jpg,10,0
80,7,Img_80_7.jpg,10,0
80,8,Img_80_8.jpg,10,1
80,9,Img_80_9.jpg,10,1
80,10,Img_80_10.jpg,10,1
80,11,Img_80_11.jpg,10,1
80,12,Img_80_12.jpg,10,1
80,13,Img_80_13.jpg,10,1
80,14,Img_80_14.jpg,10,1
80,15,Img_80_15.jpg,10,1
80,16,Img_80_16.jpg,10,2
80,17,Img_80_17.jpg,10,2
80,18,Img_80_18.jpg,10,2
80,19,Img_80_19.jpg,10,2
80,20,Img_80_20.jpg,10,2
80,21,Img_80_21.jpg,10,2
80,22,Img_80_22.jpg,10,2
80,23,Img_80_23.jpg,10,2
80,24,Img_80_24.jpg,10,3
80,25,Img_80_25.jpg,10,3
80,26,Img_80_26.jpg,10,3
80,27,Img_80_27.jpg,10,3
80,28,Img_80_28.jpg,10,3
80,29,Img_80_29.jpg,10,3
80,30,Img_80_30.jpg,10,3
80,31,Img_80_31.jpg,10,3
80,32,Img_80_32.jpg,10,4
80,33,Img_80_33.jpg,10,4
80,34,Img_80_34.jpg,10,4
80,35,Img_80_35.jpg,10,4
80,36,Img_80_36.jpg,10,4
80,37,Img_80_37.jpg,10,4
80,38,Img_80_38.jpg,10,4
80,39,Img_80_39.jpg,10,4
80,40,Img_80_40.jpg,10,5
80,41,Img_80_41.jpg,10,5
80,42,Img_80_42.jpg,10,5
80,43,Img_80_43.jpg,10,5
80,44,Img_80_44.jpg,10,5
80,45,Img_80_45.jpg,10,5
80,46,Img_80_46.jpg,10,5
80,47,Img_80_47.jpg,10,5
80,48,Img_80_48.jpg,10,6
80,49,Img_80_49.jpg,10,6
80,50,Img_80_50.jpg,10,6
80,51,Img_80_51.jpg,10,6
80,52,Img_80_52.jpg,10,6
80,53,Img_80_53.jpg,10,6
80,54,Img_80_54.jpg,10,6
80,55,Img_80_55.jpg,10,6
80,56,Img_80_56.jpg,10,7
80,57,Img_80_57.jpg,10,7
80,58,Img_80_58.jpg,10,7
80,59,Img_80_59.jpg,10,7
80,60,Img_80_60.jpg,10,7
80,61,Img_80_61.jpg,10,7
80,62,Img_80_62.jpg,10,7
80,63,Img_80_63.jpg,10,7
80,64,Img_80_64.jpg,10,8
80,65,Img_80_65.jpg,10,8
80,66,Img_80_66.jpg,10,8
80,67,Img_80_67.jpg,10,8
80,68,Img_80_68.jpg,10,8
80,69,Img_80_69.jpg,10,8
80,70,Img_80_70.jpg,10,8
80,71,Img_80_71.jpg,10,8
80,72,Img_80_72.jpg,10,9
80,73,Img_80_73.jpg,10,9
80,74,Img_80_74.jpg,10,9
80,75,Img_80_75.jpg,10,9
80,76,Img_80_76.jpg,10,9
80,77,Img_80_77.jpg,10,9
80,78,Img_80_78.jpg,10,9
80,79,Img_80_79.jpg,10,9
81,0,Img_81_0.jpg,10,0
81,1,Img_81_1.jpg,10,0
81,2,Img_81_2.jpg,10,0
81,3,Img_81_3.jpg,10,0
81,4,Img_81_4.jpg,10,0
81,5,Img_81_5.jpg,10,0
81,6,Img_81_6.jpg,10,0
81,7,Img_81_7.jpg,10,0
81,8,Img_81_8.jpg,10,1
81,9,Img_81_9.jpg,10,1
81,10,Img_81_10.jpg,10,1
81,11,Img_81_11.jpg,10,1
81,12,Img_81_12.jpg,10,1
81,13,Img_81_13.jpg,10,1
81,14,Img_81_14.jpg,10,1
81,15,Img_81_15.jpg,10,1
81,16,Img_81_16.jpg,10,2
81,17,Img_81_17.jpg,10,2
81,18,Img_81_18.jpg,10,2
81,19,Img_81_19.jpg,10,2
81,20,Img_81_20.jpg,10,2
81,21,Img_81_21.jpg,10,2
81,22,Img_81_22.jpg,10,2
81,23,Img_81_23.jpg,10,2
81,24,Img_81_24.jpg,10,3
81,25,Img_81_25.jpg,10,3
81,26,Img_81_26.jpg,10,3
81,27,Img_81_27.jpg,10,3
81,28,Img_81_28.jpg,10,3
81,29,Img_81_29.jpg,10,3
81,30,Img_81_30.jpg,10,3
81,31,Img_81_31.jpg,10,3
81,32,Img_81_32.jpg,10,4
81,33,Img_81_33.jpg,10,4
81,34,Img_81_34.jpg,10,4
81,35,Img_81_35.jpg,10,4
81,36,Img_81_36.jpg,10,4
81,37,Img_81_37.jpg,10,4
81,38,Img_81_38.jpg,10,4
81,39,Img_81_39.jpg,10,4
81,40,Img_81_40.jpg,10,5
81,41,Img_81_41.jpg,10,5
81,42,Img_81_42.jpg,10,5
81,43,Img_81_43.jpg,10,5
81,44,Img_81_44.jpg,10,5
81,45,Img_81_45.jpg,10,5
81,46,Img_81_46.jpg,10,5
81,47,Img_81_47.jpg,10,5
81,48,Img_81_48.jpg,10,6
81,49,Img_81_49.jpg,10,6
81,50,Img_81_50.jpg,10,6
81,51,Img_81_51.jpg,10,6
81,52,Img_81_52.jpg,10,6
81,53,Img_81_53.jpg,10,6
81,54,Img_81_54.jpg,10,6
81,55,Img_81_55.jpg,10,6
81,56,Img_81_56.jpg,10,7
81,57,Img_81_57.jpg,10,7
81,58,Img_81_58.jpg,10,7
81,59,Img_81_59.jpg,10,7
81,60,Img_81_60.jpg,10,7
81,61,Img_81_61.jpg,10,7
81,62,Img_81_62.jpg,10,7
81,63,Img_81_63.jpg,10,7
81,64,Img_81_64.jpg,10,8
81,65,Img_81_65.jpg,10,8
81,66,Img_81_66.jpg,10,8
81,67,Img_81_67.jpg,10,8
81,68,Img_81_68.jpg,10,8
81,69,Img_81_69.jpg,10,8
81,70,Img_81_70.jpg,10,8
81,71,Img_81_71.jpg,10,8
81,72,Img_81_72.jpg,10,9
81,73,Img_81_73.jpg,10,9
81,74,Img_81_74.jpg,10,9
81,75,Img_81_75.jpg,10,9
81,76,Img_81_76.jpg,10,9
81,77,Img_81_77.jpg,10,9
81,78,Img_81_78.jpg,10,9
81,79,Img_81_79.jpg,10,9
82,0,Img_82_0.jpg,10,0
82,1,Img_82_1.jpg,10,0
82,2,Img_82_2.jpg,10,0
82,3,Img_82_3.jpg,10,0
82,4,Img_82_4.jpg,10,0
82,5,Img_82_5.jpg,10,0
82,6,Img_82_6.jpg,10,0
82,7,Img_82_7.jpg,10,0
82,8,Img_82_8.jpg,10,1
82,9,Img_82_9.jpg,10,1
82,10,Img_82_10.jpg,10,1
82,11,Img_82_11.jpg,10,1
82,12,Img_82_12.jpg,10,1
82,13,Img_82_13.jpg,10,1
82,14,Img_82_14.jpg,10,1
82,15,Img_82_15.jpg,10,1
82,16,Img_82_16.jpg,10,2
82,17,Img_82_17.jpg,10,2
82,18,Img_82_18.jpg,10,2
82,19,Img_82_19.jpg,10,2
82,20,Img_82_20.jpg,10,2
82,21,Img_82_21.jpg,10,2
82,22,Img_82_22.jpg,10,2
82,23,Img_82_23.jpg,10,2
82,24,Img_82_24.jpg,10,3
82,25,Img_82_25.jpg,10,3
82,26,Img_82_26.jpg,10,3
82,27,Img_82_27.jpg,10,3
82,28,Img_82_28.jpg,10,3
82,29,Img_82_29.jpg,10,3
82,30,Img_82_30.jpg,10,3
82,31,Img_82_31.jpg,10,3
82,32,Img_82_32.jpg,10,4
82,33,Img_82_33.jpg,10,4
82,34,Img_82_34.jpg,10,4
82,35,Img_82_35.jpg,10,4
82,36,Img_82_36.jpg,10,4
82,37,Img_82_37.jpg,10,4
82,38,Img_82_38.jpg,10,4
82,39,Img_82_39.jpg,10,4
82,40,Img_82_40.jpg,10,5
82,41,Img_82_41.jpg,10,5
82,42,Img_82_42.jpg,10,5
82,43,Img_82_43.jpg,10,5
82,44,Img_82_44.jpg,10,5
82,45,Img_82_45.jpg,10,5
82,46,Img_82_46.jpg,10,5
82,47,Img_82_47.jpg,10,5
82,48,Img_82_48.jpg,10,6
82,49,Img_82_49.jpg,10,6
82,50,Img_82_50.jpg,10,6
82,51,Img_82_51.jpg,10,6
82,52,Img_82_52.jpg,10,6
82,53,Img_82_53.jpg,10,6
82,54,Img_82_54.jpg,10,6
82,55,Img_82_55.jpg,10,6
82,56,Img_82_56.jpg,10,7
82,57,Img_82_57.jpg,10,7
82,58,Img_82_58.jpg,10,7
82,59,Img_82_59.jpg,10,7
82,60,Img_82_60.jpg,10,7
82,61,Img_82_61.jpg,10,7
82,62,Img_82_62.jpg,10,7
82,63,Img_82_63.jpg,10,7
82,64,Img_82_64.jpg,10,8
82,65,Img_82_65.jpg,10,8
82,66,Img_82_66.jpg,10,8
82,67,Img_82_67.jpg,10,8
82,68,Img_82_68.jpg,10,8
82,69,Img_82_69.jpg,10,8
82,70,Img_82_70.jpg,10,8
82,71,Img_82_71.jpg,10,8
82,72,Img_82_72.jpg,10,9
82,73,Img_82_73.jpg,10,9
82,74,Img_82_74.jpg,10,9
82,75,Img_82_75.jpg,10,9
82,76,Img_82_76.jpg,10,9
82,77,Img_82_77.jpg,10,9
82,78,Img_82_78.jpg,10,9
82,79,Img_82_79.jpg,10,9
83,0,Img_83_0.jpg,10,0
83,1,Img_83_1.jpg,10,0
83,2,Img_83_2.jpg,10,0
83,3,Img_83_3.jpg,10,0
83,4,Img_83_4.jpg,10,0
83,5,Img_83_5.jpg,10,0
83,6,Img_83_6.jpg,10,0
83,7,Img_83_7.jpg,10,0
83,8,Img_83_8.jpg,10,1
83,9,Img_83_9.jpg,10,1
83,10,Img_83_10.jpg,10,1
83,11,Img_83_11.jpg,10,1
83,12,Img_83_12.jpg,10,1
83,13,Img_83_13.jpg,10,1
83,14,Img_83_14.jpg,10,1
83,15,Img_83_15.jpg,10,1
83,16,Img_83_16.jpg,10,2
83,17,Img_83_17.jpg,10,2
83,18,Img_83_18.jpg,10,2
83,19,Img_83_19.jpg,10,2
83,20,Img_83_20.jpg,10,2
83,21,Img_83_21.jpg,10,2
83,22,Img_83_22.jpg,10,2
83,23,Img_83_23.jpg,10,2
83,24,Img_83_24.jpg,10,3
83,25,Img_83_25.jpg,10,3
83,26,Img_83_26.jpg,10,3
83,27,Img_83_27.jpg,10,3
83,28,Img_83_28.jpg,10,3
83,29,Img_83_29.jpg,10,3
83,30,Img_83_30.jpg,10,3
83,31,Img_83_31.jpg,10,3
83,32,Img_83_32.jpg,10,4
83,33,Img_83_33.jpg,10,4
83,34,Img_83_34.jpg,10,4
83,35,Img_83_35.jpg,10,4
83,36,Img_83_36.jpg,10,4
83,37,Img_83_37.jpg,10,4
83,38,Img_83_38.jpg,10,4
83,39,Img_83_39.jpg,10,4
83,40,Img_83_40.jpg,10,5
83,41,Img_83_41.jpg,10,5
83,42,Img_83_42.jpg,10,5
83,43,Img_83_43.jpg,10,5
83,44,Img_83_44.jpg,10,5
83,45,Img_83_45.jpg,10,5
83,46,Img_83_46.jpg,10,5
83,47,Img_83_47.jpg,10,5
83,48,Img_83_48.jpg,10,6
83,49,Img_83_49.jpg,10,6
83,50,Img_83_50.jpg,10,6
83,51,Img_83_51.jpg,10,6
83,52,Img_83_52.jpg,10,6
83,53,Img_83_53.jpg,10,6
83,54,Img_83_54.jpg,10,6
83,55,Img_83_55.jpg,10,6
83,56,Img_83_56.jpg,10,7
83,57,Img_83_57.jpg,10,7
83,58,Img_83_58.jpg,10,7
83,59,Img_83_59.jpg,10,7
83,60,Img_83_60.jpg,10,7
83,61,Img_83_61.jpg,10,7
83,62,Img_83_62.jpg,10,7
83,63,Img_83_63.jpg,10,7
83,64,Img_83_64.jpg,10,8
83,65,Img_83_65.jpg,10,8
83,66,Img_83_66.jpg,10,8
83,67,Img_83_67.jpg,10,8
83,68,Img_83_68.jpg,10,8
83,69,Img_83_69.jpg,10,8
83,70,Img_83_70.jpg,10,8
83,71,Img_83_71.jpg,10,8
83,72,Img_83_72.jpg,10,9
83,73,Img_83_73.jpg,10,9
83,74,Img_83_74.jpg,10,9
83,75,Img_83_75.jpg,10,9
83,76,Img_83_76.jpg,10,9
83,77,Img_83_77.jpg,10,9
83,78,Img_83_78.jpg,10,9
83,79,Img_83_79.jpg,10,9
84,0,Img_84_0.jpg,10,0
84,1,Img_84_1.jpg,10,0
84,2,Img_84_2.jpg,10,0
84,3,Img_84_3.jpg,10,0
84,4,Img_84_4.jpg,10,0
84,5,Img_84_5.jpg,10,0
84,6,Img_84_6.jpg,10,0
84,7,Img_84_7.jpg,10,0
84,8,Img_84_8.jpg,10,1
84,9,Img_84_9.jpg,10,1
84,10,Img_84_10.jpg,10,1
84,11,Img_84_11.jpg,10,1
84,12,Img_84_12.jpg,10,1
84,13,Img_84_13.jpg,10,1
84,14,Img_84_14.jpg,10,1
84,15,Img_84_15.jpg,10,1
84,16,Img_84_16.jpg,10,2
84,17,Img_84_17.jpg,10,2
84,18,Img_84_18.jpg,10,2
84,19,Img_84_19.jpg,10,2
84,20,Img_84_20.jpg,10,2
84,21,Img_84_21.jpg,10,2
84,22,Img_84_22.jpg,10,2
84,23,Img_84_23.jpg,10,2
84,24,Img_84_24.jpg,10,3
84,25,Img_84_25.jpg,10,3
84,26,Img_84_26.jpg,10,3
84,27,Img_84_27.jpg,10,3
84,28,Img_84_28.jpg,10,3
84,29,Img_84_29.jpg,10,3
84,30,Img_84_30.jpg,10,3
84,31,Img_84_31.jpg,10,3
84,32,Img_84_32.jpg,10,4
84,33,Img_84_33.jpg,10,4
84,34,Img_84_34.jpg,10,4
84,35,Img_84_35.jpg,10,4
84,36,Img_84_36.jpg,10,4
84,37,Img_84_37.jpg,10,4
84,38,Img_84_38.jpg,10,4
84,39,Img_84_39.jpg,10,4
84,40,Img_84_40.jpg,10,5
84,41,Img_84_41.jpg,10,5
84,42,Img_84_42.jpg,10,5
84,43,Img_84_43.jpg,10,5
84,44,Img_84_44.jpg,10,5
84,45,Img_84_45.jpg,10,5
84,46,Img_84_46.jpg,10,5
84,47,Img_84_47.jpg,10,5
84,48,Img_84_48.jpg,10,6
84,49,Img_84_49.jpg,10,6
84,50,Img_84_50.jpg,10,6
84,51,Img_84_51.jpg,10,6
84,52,Img_84_52.jpg,10,6
84,53,Img_84_53.jpg,10,6
84,54,Img_84_54.jpg,10,6
84,55,Img_84_55.jpg,10,6
84,56,Img_84_56.jpg,10,7
84,57,Img_84_57.jpg,10,7
84,58,Img_84_58.jpg,10,7
84,59,Img_84_59.jpg,10,7
84,60,Img_84_60.jpg,10,7
84,61,Img_84_61.jpg,10,7
84,62,Img_84_62.jpg,10,7
84,63,Img_84_63.jpg,10,7
84,64,Img_84_64.jpg,10,8
84,65,Img_84_65.jpg,10,8
84,66,Img_84_66.jpg,10,8
84,67,Img_84_67.jpg,10,8
84,68,Img_84_68.jpg,10,8
84,69,Img_84_69.jpg,10,8
84,70,Img_84_70.jpg,10,8
84,71,Img_84_71.jpg,10,8
84,72,Img_84_72.jpg,10,9
84,73,Img_84_73.jpg,10,9
84,74,Img_84_74.jpg,10,9
84,75,Img_84_75.jpg,10,9
84,76,Img_84_76.jpg,10,9
84,77,Img_84_77.jpg,10,9
84,78,Img_84_78.jpg,10,9
84,79,Img_84_79.jpg,10,9
85,0,Img_85_0.jpg,10,0
85,1,Img_85_1.jpg,10,0
85,2,Img_85_2.jpg,10,0
85,3,Img_85_3.jpg,10,0
85,4,Img_85_4.jpg,10,0
85,5,Img_85_5.jpg,10,0
85,6,Img_85_6.jpg,10,0
85,7,Img_85_7.jpg,10,0
85,8,Img_85_8.jpg,10,1
85,9,Img_85_9.jpg,10,1
85,10,Img_85_10.jpg,10,1
85,11,Img_85_11.jpg,10,1
85,12,Img_85_12.jpg,10,1
85,13,Img_85_13.jpg,10,1
85,14,Img_85_14.jpg,10,1
85,15,Img_85_15.jpg,10,1
85,16,Img_85_16.jpg,10,2
85,17,Img_85_17.jpg,10,2
85,18,Img_85_18.jpg,10,2
85,19,Img_85_19.jpg,10,2
85,20,Img_85_20.jpg,10,2
85,21,Img_85_21.jpg,10,2
85,22,Img_85_22.jpg,10,2
85,23,Img_85_23.jpg,10,2
85,24,Img_85_24.jpg,10,3
85,25,Img_85_25.jpg,10,3
85,26,Img_85_26.jpg,10,3
85,27,Img_85_27.jpg,10,3
85,28,Img_85_28.jpg,10,3
85,29,Img_85_29.jpg,10,3
85,30,Img_85_30.jpg,10,3
85,31,Img_85_31.jpg,10,3
85,32,Img_85_32.jpg,10,4
85,33,Img_85_33.jpg,10,4
85,34,Img_85_34.jpg,10,4
85,35,Img_85_35.jpg,10,4
85,36,Img_85_36.jpg,10,4
85,37,Img_85_37.jpg,10,4
85,38,Img_85_38.jpg,10,4
85,39,Img_85_39.jpg,10,4
85,40,Img_85_40.jpg,10,5
85,41,Img_85_41.jpg,10,5
85,42,Img_85_42.jpg,10,5
85,43,Img_85_43.jpg,10,5
85,44,Img_85_44.jpg,10,5
85,45,Img_85_45.jpg,10,5
85,46,Img_85_46.jpg,10,5
85,47,Img_85_47.jpg,10,5
85,48,Img_85_48.jpg,10,6
85,49,Img_85_49.jpg,10,6
85,50,Img_85_50.jpg,10,6
85,51,Img_85_51.jpg,10,6
85,52,Img_85_52.jpg,10,6
85,53,Img_85_53.jpg,10,6
85,54,Img_85_54.jpg,10,6
85,55,Img_85_55.jpg,10,6
85,56,Img_85_56.jpg,10,7
85,57,Img_85_57.jpg,10,7
85,58,Img_85_58.jpg,10,7
85,59,Img_85_59.jpg,10,7
85,60,Img_85_60.jpg,10,7
85,61,Img_85_61.jpg,10,7
85,62,Img_85_62.jpg,10,7
85,63,Img_85_63.jpg,10,7
85,64,Img_85_64.jpg,10,8
85,65,Img_85_65.jpg,10,8
85,66,Img_85_66.jpg,10,8
85,67,Img_85_67.jpg,10,8
85,68,Img_85_68.jpg,10,8
85,69,Img_85_69.jpg,10,8
85,70,Img_85_70.jpg,10,8
85,71,Img_85_71.jpg,10,8
85,72,Img_85_72.jpg,10,9
85,73,Img_85_73.jpg,10,9
85,74,Img_85_74.jpg,10,9
85,75,Img_85_75.jpg,10,9
85,76,Img_85_76.jpg,10,9
85,77,Img_85_77.jpg,10,9
85,78,Img_85_78.jpg,10,9
85,79,Img_85_79.jpg,10,9
86,0,Img_86_0.jpg,10,0
86,1,Img_86_1.jpg,10,0
86,2,Img_86_2.jpg,10,0
86,3,Img_86_3.jpg,10,0
86,4,Img_86_4.jpg,10,0
86,5,Img_86_5.jpg,10,0
86,6,Img_86_6.jpg,10,0
86,7,Img_86_7.jpg,10,0
86,8,Img_86_8.jpg,10,1
86,9,Img_86_9.jpg,10,1
86,10,Img_86_10.jpg,10,1
86,11,Img_86_11.jpg,10,1
86,12,Img_86_12.jpg,10,1
86,13,Img_86_13.jpg,10,1
86,14,Img_86_14.jpg,10,1
86,15,Img_86_15.jpg,10,1
86,16,Img_86_16.jpg,10,2
86,17,Img_86_17.jpg,10,2
86,18,Img_86_18.jpg,10,2
86,19,Img_86_19.jpg,10,2
86,20,Img_86_20.jpg,10,2
86,21,Img_86_21.jpg,10,2
86,22,Img_86_22.jpg,10,2
86,23,Img_86_23.jpg,10,2
86,24,Img_86_24.jpg,10,3
86,25,Img_86_25.jpg,10,3
86,26,Img_86_26.jpg,10,3
86,27,Img_86_27.jpg,10,3
86,28,Img_86_28.jpg,10,3
86,29,Img_86_29.jpg,10,3
86,30,Img_86_30.jpg,10,3
86,31,Img_86_31.jpg,10,3
86,32,Img_86_32.jpg,10,4
86,33,Img_86_33.jpg,10,4
86,34,Img_86_34.jpg,10,4
86,35,Img_86_35.jpg,10,4
86,36,Img_86_36.jpg,10,4
86,37,Img_86_37.jpg,10,4
86,38,Img_86_38.jpg,10,4
86,39,Img_86_39.jpg,10,4
86,40,Img_86_40.jpg,10,5
86,41,Img_86_41.jpg,10,5
86,42,Img_86_42.jpg,10,5
86,43,Img_86_43.jpg,10,5
86,44,Img_86_44.jpg,10,5
86,45,Img_86_45.jpg,10,5
86,46,Img_86_46.jpg,10,5
86,47,Img_86_47.jpg,10,5
86,48,Img_86_48.jpg,10,6
86,49,Img_86_49.jpg,10,6
86,50,Img_86_50.jpg,10,6
86,51,Img_86_51.jpg,10,6
86,52,Img_86_52.jpg,10,6
86,53,Img_86_53.jpg,10,6
86,54,Img_86_54.jpg,10,6
86,55,Img_86_55.jpg,10,6
86,56,Img_86_56.jpg,10,7
86,57,Img_86_57.jpg,10,7
86,58,Img_86_58.jpg,10,7
86,59,Img_86_59.jpg,10,7
86,60,Img_86_60.jpg,10,7
86,61,Img_86_61.jpg,10,7
86,62,Img_86_62.jpg,10,7
86,63,Img_86_63.jpg,10,7
86,64,Img_86_64.jpg,10,8
86,65,Img_86_65.jpg,10,8
86,66,Img_86_66.jpg,10,8
86,67,Img_86_67.jpg,10,8
86,68,Img_86_68.jpg,10,8
86,69,Img_86_69.jpg,10,8
86,70,Img_86_70.jpg,10,8
86,71,Img_86_71.jpg,10,8
86,72,Img_86_72.jpg,10,9
86,73,Img_86_73.jpg,10,9
86,74,Img_86_74.jpg,10,9
86,75,Img_86_75.jpg,10,9
86,76,Img_86_76.jpg,10,9
86,77,Img_86_77.jpg,10,9
86,78,Img_86_78.jpg,10,9
86,79,Img_86_79.jpg,10,9
87,0,Img_87_0.jpg,10,0
87,1,Img_87_1.jpg,10,0
87,2,Img_87_2.jpg,10,0
87,3,Img_87_3.jpg,10,0
87,4,Img_87_4.jpg,10,0
87,5,Img_87_5.jpg,10,0
87,6,Img_87_6.jpg,10,0
87,7,Img_87_7.jpg,10,0
87,8,Img_87_8.jpg,10,1
87,9,Img_87_9.jpg,10,1
87,10,Img_87_10.jpg,10,1
87,11,Img_87_11.jpg,10,1
87,12,Img_87_12.jpg,10,1
87,13,Img_87_13.jpg,10,1
87,14,Img_87_14.jpg,10,1
87,15,Img_87_15.jpg,10,1
87,16,Img_87_16.jpg,10,2
87,17,Img_87_17.jpg,10,2
87,18,Img_87_18.jpg,10,2
87,19,Img_87_19.jpg,10,2
87,20,Img_87_20.jpg,10,2
87,21,Img_87_21.jpg,10,2
87,22,Img_87_22.jpg,10,2
87,23,Img_87_23.jpg,10,2
87,24,Img_87_24.jpg,10,3
87,25,Img_87_25.jpg,10,3
87,26,Img_87_26.jpg,10,3
87,27,Img_87_27.jpg,10,3
87,28,Img_87_28.jpg,10,3
87,29,Img_87_29.jpg,10,3
87,30,Img_87_30.jpg,10,3
87,31,Img_87_31.jpg,10,3
87,32,Img_87_32.jpg,10,4
87,33,Img_87_33.jpg,10,4
87,34,Img_87_34.jpg,10,4
87,35,Img_87_35.jpg,10,4
87,36,Img_87_36.jpg,10,4
87,37,Img_87_37.jpg,10,4
87,38,Img_87_38.jpg,10,4
87,39,Img_87_39.jpg,10,4
87,40,Img_87_40.jpg,10,5
87,41,Img_87_41.jpg,10,5
87,42,Img_87_42.jpg,10,5
87,43,Img_87_43.jpg,10,5
87,44,Img_87_44.jpg,10,5
87,45,Img_87_45.jpg,10,5
87,46,Img_87_46.jpg,10,5
87,47,Img_87_47.jpg,10,5
87,48,Img_87_48.jpg,10,6
87,49,Img_87_49.jpg,10,6
87,50,Img_87_50.jpg,10,6
87,51,Img_87_51.jpg,10,6
87,52,Img_87_52.jpg,10,6
87,53,Img_87_53.jpg,10,6
87,54,Img_87_54.jpg,10,6
87,55,Img_87_55.jpg,10,6
87,56,Img_87_56.jpg,10,7
87,57,Img_87_57.jpg,10,7
87,58,Img_87_58.jpg,10,7
87,59,Img_87_59.jpg,10,7
87,60,Img_87_60.jpg,10,7
87,61,Img_87_61.jpg,10,7
87,62,Img_87_62.jpg,10,7
87,63,Img_87_63.jpg,10,7
87,64,Img_87_64.jpg,10,8
87,65,Img_87_65.jpg,10,8
87,66,Img_87_66.jpg,10,8
87,67,Img_87_67.jpg,10,8
87,68,Img_87_68.jpg,10,8
87,69,Img_87_69.jpg,10,8
87,70,Img_87_70.jpg,10,8
87,71,Img_87_71.jpg,10,8
87,72,Img_87_72.jpg,10,9
87,73,Img_87_73.jpg,10,9
87,74,Img_87_74.jpg,10,9
87,75,Img_87_75.jpg,10,9
87,76,Img_87_76.jpg,10,9
87,77,Img_87_77.jpg,10,9
87,78,Img_87_78.jpg,10,9
87,79,Img_87_79.jpg,10,9
88,0,Img_88_0.jpg,11,0
88,1,Img_88_1.jpg,11,0
88,2,Img_88_2.jpg,11,0
88,3,Img_88_3.jpg,11,0
88,4,Img_88_4.jpg,11,0
88,5,Img_88_5.jpg,11,0
88,6,Img_88_6.jpg,11,0
88,7,Img_88_7.jpg,11,0
88,8,Img_88_8.jpg,11,1
88,9,Img_88_9.jpg,11,1
88,10,Img_88_10.jpg,11,1
88,11,Img_88_11.jpg,11,1
88,12,Img_88_12.jpg,11,1
88,13,Img_88_13.jpg,11,1
88,14,Img_88_14.jpg,11,1
88,15,Img_88_15.jpg,11,1
88,16,Img_88_16.jpg,11,2
88,17,Img_88_17.jpg,11,2
88,18,Img_88_18.jpg,11,2
88,19,Img_88_19.jpg,11,2
88,20,Img_88_20.jpg,11,2
88,21,Img_88_21.jpg,11,2
88,22,Img_88_22.jpg,11,2
88,23,Img_88_23.jpg,11,2
88,24,Img_88_24.jpg,11,3
88,25,Img_88_25.jpg,11,3
88,26,Img_88_26.jpg,11,3
88,27,Img_88_27.jpg,11,3
88,28,Img_88_28.jpg,11,3
88,29,Img_88_29.jpg,11,3
88,30,Img_88_30.jpg,11,3
88,31,Img_88_31.jpg,11,3
88,32,Img_88_32.jpg,11,4
88,33,Img_88_33.jpg,11,4
88,34,Img_88_34.jpg,11,4
88,35,Img_88_35.jpg,11,4
88,36,Img_88_36.jpg,11,4
88,37,Img_88_37.jpg,11,4
88,38,Img_88_38.jpg,11,4
88,39,Img_88_39.jpg,11,4
88,40,Img_88_40.jpg,11,5
88,41,Img_88_41.jpg,11,5
88,42,Img_88_42.jpg,11,5
88,43,Img_88_43.jpg,11,5
88,44,Img_88_44.jpg,11,5
88,45,Img_88_45.jpg,11,5
88,46,Img_88_46.jpg,11,5
88,47,Img_88_47.jpg,11,5
88,48,Img_88_48.jpg,11,6
88,49,Img_88_49.jpg,11,6
88,50,Img_88_50.jpg,11,6
88,51,Img_88_51.jpg,11,6
88,52,Img_88_52.jpg,11,6
88,53,Img_88_53.jpg,11,6
88,54,Img_88_54.jpg,11,6
88,55,Img_88_55.jpg,11,6
88,56,Img_88_56.jpg,11,7
88,57,Img_88_57.jpg,11,7
88,58,Img_88_58.jpg,11,7
88,59,Img_88_59.jpg,11,7
88,60,Img_88_60.jpg,11,7
88,61,Img_88_61.jpg,11,7
88,62,Img_88_62.jpg,11,7
88,63,Img_88_63.jpg,11,7
88,64,Img_88_64.jpg,11,8
88,65,Img_88_65.jpg,11,8
88,66,Img_88_66.jpg,11,8
88,67,Img_88_67.jpg,11,8
88,68,Img_88_68.jpg,11,8
88,69,Img_88_69.jpg,11,8
88,70,Img_88_70.jpg,11,8
88,71,Img_88_71.jpg,11,8
88,72,Img_88_72.jpg,11,9
88,73,Img_88_73.jpg,11,9
88,74,Img_88_74.jpg,11,9
88,75,Img_88_75.jpg,11,9
88,76,Img_88_76.jpg,11,9
88,77,Img_88_77.jpg,11,9
88,78,Img_88_78.jpg,11,9
88,79,Img_88_79.jpg,11,9
89,0,Img_89_0.jpg,11,0
89,1,Img_89_1.jpg,11,0
89,2,Img_89_2.jpg,11,0
89,3,Img_89_3.jpg,11,0
89,4,Img_89_4.jpg,11,0
89,5,Img_89_5.jpg,11,0
89,6,Img_89_6.jpg,11,0
89,7,Img_89_7.jpg,11,0
89,8,Img_89_8.jpg,11,1
89,9,Img_89_9.jpg,11,1
89,10,Img_89_10.jpg,11,1
89,11,Img_89_11.jpg,11,1
89,12,Img_89_12.jpg,11,1
89,13,Img_89_13.jpg,11,1
89,14,Img_89_14.jpg,11,1
89,15,Img_89_15.jpg,11,1
89,16,Img_89_16.jpg,11,2
89,17,Img_89_17.jpg,11,2
89,18,Img_89_18.jpg,11,2
89,19,Img_89_19.jpg,11,2
89,20,Img_89_20.jpg,11,2
89,21,Img_89_21.jpg,11,2
89,22,Img_89_22.jpg,11,2
89,23,Img_89_23.jpg,11,2
89,24,Img_89_24.jpg,11,3
89,25,Img_89_25.jpg,11,3
89,26,Img_89_26.jpg,11,3
89,27,Img_89_27.jpg,11,3
89,28,Img_89_28.jpg,11,3
89,29,Img_89_29.jpg,11,3
89,30,Img_89_30.jpg,11,3
89,31,Img_89_31.jpg,11,3
89,32,Img_89_32.jpg,11,4
89,33,Img_89_33.jpg,11,4
89,34,Img_89_34.jpg,11,4
89,35,Img_89_35.jpg,11,4
89,36,Img_89_36.jpg,11,4
89,37,Img_89_37.jpg,11,4
89,38,Img_89_38.jpg,11,4
89,39,Img_89_39.jpg,11,4
89,40,Img_89_40.jpg,11,5
89,41,Img_89_41.jpg,11,5
89,42,Img_89_42.jpg,11,5
89,43,Img_89_43.jpg,11,5
89,44,Img_89_44.jpg,11,5
89,45,Img_89_45.jpg,11,5
89,46,Img_89_46.jpg,11,5
89,47,Img_89_47.jpg,11,5
89,48,Img_89_48.jpg,11,6
89,49,Img_89_49.jpg,11,6
89,50,Img_89_50.jpg,11,6
89,51,Img_89_51.jpg,11,6
89,52,Img_89_52.jpg,11,6
89,53,Img_89_53.jpg,11,6
89,54,Img_89_54.jpg,11,6
89,55,Img_89_55.jpg,11,6
89,56,Img_89_56.jpg,11,7
89,57,Img_89_57.jpg,11,7
89,58,Img_89_58.jpg,11,7
89,59,Img_89_59.jpg,11,7
89,60,Img_89_60.jpg,11,7
89,61,Img_89_61.jpg,11,7
89,62,Img_89_62.jpg,11,7
89,63,Img_89_63.jpg,11,7
89,64,Img_89_64.jpg,11,8
89,65,Img_89_65.jpg,11,8
89,66,Img_89_66.jpg,11,8
89,67,Img_89_67.jpg,11,8
89,68,Img_89_68.jpg,11,8
89,69,Img_89_69.jpg,11,8
89,70,Img_89_70.jpg,11,8
89,71,Img_89_71.jpg,11,8
89,72,Img_89_72.jpg,11,9
89,73,Img_89_73.jpg,11,9
89,74,Img_89_74.jpg,11,9
89,75,Img_89_75.jpg,11,9
89,76,Img_89_76.jpg,11,9
89,77,Img_89_77.jpg,11,9
89,78,Img_89_78.jpg,11,9
89,79,Img_89_79.jpg,11,9
90,0,Img_90_0.jpg,11,0
90,1,Img_90_1.jpg,11,0
90,2,Img_90_2.jpg,11,0
90,3,Img_90_3.jpg,11,0
90,4,Img_90_4.jpg,11,0
90,5,Img_90_5.jpg,11,0
90,6,Img_90_6.jpg,11,0
90,7,Img_90_7.jpg,11,0
90,8,Img_90_8.jpg,11,1
90,9,Img_90_9.jpg,11,1
90,10,Img_90_10.jpg,11,1
90,11,Img_90_11.jpg,11,1
90,12,Img_90_12.jpg,11,1
90,13,Img_90_13.jpg,11,1
90,14,Img_90_14.jpg,11,1
90,15,Img_90_15.jpg,11,1
90,16,Img_90_16.jpg,11,2
90,17,Img_90_17.jpg,11,2
90,18,Img_90_18.jpg,11,2
90,19,Img_90_19.jpg,11,2
90,20,Img_90_20.jpg,11,2
90,21,Img_90_21.jpg,11,2
90,22,Img_90_22.jpg,11,2
90,23,Img_90_23.jpg,11,2
90,24,Img_90_24.jpg,11,3
90,25,Img_90_25.jpg,11,3
90,26,Img_90_26.jpg,11,3
90,27,Img_90_27.jpg,11,3
90,28,Img_90_28.jpg,11,3
90,29,Img_90_29.jpg,11,3
90,30,Img_90_30.jpg,11,3
90,31,Img_90_31.jpg,11,3
90,32,Img_90_32.jpg,11,4
90,33,Img_90_33.jpg,11,4
90,34,Img_90_34.jpg,11,4
90,35,Img_90_35.jpg,11,4
90,36,Img_90_36.jpg,11,4
90,37,Img_90_37.jpg,11,4
90,38,Img_90_38.jpg,11,4
90,39,Img_90_39.jpg,11,4
90,40,Img_90_40.jpg,11,5
90,41,Img_90_41.jpg,11,5
90,42,Img_90_42.jpg,11,5
90,43,Img_90_43.jpg,11,5
90,44,Img_90_44.jpg,11,5
90,45,Img_90_45.jpg,11,5
90,46,Img_90_46.jpg,11,5
90,47,Img_90_47.jpg,11,5
90,48,Img_90_48.jpg,11,6
90,49,Img_90_49.jpg,11,6
90,50,Img_90_50.jpg,11,6
90,51,Img_90_51.jpg,11,6
90,52,Img_90_52.jpg,11,6
90,53,Img_90_53.jpg,11,6
90,54,Img_90_54.jpg,11,6
90,55,Img_90_55.jpg,11,6
90,56,Img_90_56.jpg,11,7
90,57,Img_90_57.jpg,11,7
90,58,Img_90_58.jpg,11,7
90,59,Img_90_59.jpg,11,7
90,60,Img_90_60.jpg,11,7
90,61,Img_90_61.jpg,11,7
90,62,Img_90_62.jpg,11,7
90,63,Img_90_63.jpg,11,7
90,64,Img_90_64.jpg,11,8
90,65,Img_90_65.jpg,11,8
90,66,Img_90_66.jpg,11,8
90,67,Img_90_67.jpg,11,8
90,68,Img_90_68.jpg,11,8
90,69,Img_90_69.jpg,11,8
90,70,Img_90_70.jpg,11,8
90,71,Img_90_71.jpg,11,8
90,72,Img_90_72.jpg,11,9
90,73,Img_90_73.jpg,11,9
90,74,Img_90_74.jpg,11,9
90,75,Img_90_75.jpg,11,9
90,76,Img_90_76.jpg,11,9
90,77,Img_90_77.jpg,11,9
90,78,Img_90_78.jpg,11,9
90,79,Img_90_79.jpg,11,9
91,0,Img_91_0.jpg,11,0
91,1,Img_91_1.jpg,11,0
91,2,Img_91_2.jpg,11,0
91,3,Img_91_3.jpg,11,0
91,4,Img_91_4.jpg,11,0
91,5,Img_91_5.jpg,11,0
91,6,Img_91_6.jpg,11,0
91,7,Img_91_7.jpg,11,0
91,8,Img_91_8.jpg,11,1
91,9,Img_91_9.jpg,11,1
91,10,Img_91_10.jpg,11,1
91,11,Img_91_11.jpg,11,1
91,12,Img_91_12.jpg,11,1
91,13,Img_91_13.jpg,11,1
91,14,Img_91_14.jpg,11,1
91,15,Img_91_15.jpg,11,1
91,16,Img_91_16.jpg,11,2
91,17,Img_91_17.jpg,11,2
91,18,Img_91_18.jpg,11,2
91,19,Img_91_19.jpg,11,2
91,20,Img_91_20.jpg,11,2
91,21,Img_91_21.jpg,11,2
91,22,Img_91_22.jpg,11,2
91,23,Img_91_23.jpg,11,2
91,24,Img_91_24.jpg,11,3
91,25,Img_91_25.jpg,11,3
91,26,Img_91_26.jpg,11,3
91,27,Img_91_27.jpg,11,3
91,28,Img_91_28.jpg,11,3
91,29,Img_91_29.jpg,11,3
91,30,Img_91_30.jpg,11,3
91,31,Img_91_31.jpg,11,3
91,32,Img_91_32.jpg,11,4
91,33,Img_91_33.jpg,11,4
91,34,Img_91_34.jpg,11,4
91,35,Img_91_35.jpg,11,4
91,36,Img_91_36.jpg,11,4
91,37,Img_91_37.jpg,11,4
91,38,Img_91_38.jpg,11,4
91,39,Img_91_39.jpg,11,4
91,40,Img_91_40.jpg,11,5
91,41,Img_91_41.jpg,11,5
91,42,Img_91_42.jpg,11,5
91,43,Img_91_43.jpg,11,5
91,44,Img_91_44.jpg,11,5
91,45,Img_91_45.jpg,11,5
91,46,Img_91_46.jpg,11,5
91,47,Img_91_47.jpg,11,5
91,48,Img_91_48.jpg,11,6
91,49,Img_91_49.jpg,11,6
91,50,Img_91_50.jpg,11,6
91,51,Img_91_51.jpg,11,6
91,52,Img_91_52.jpg,11,6
91,53,Img_91_53.jpg,11,6
91,54,Img_91_54.jpg,11,6
91,55,Img_91_55.jpg,11,6
91,56,Img_91_56.jpg,11,7
91,57,Img_91_57.jpg,11,7
91,58,Img_91_58.jpg,11,7
91,59,Img_91_59.jpg,11,7
91,60,Img_91_60.jpg,11,7
91,61,Img_91_61.jpg,11,7
91,62,Img_91_62.jpg,11,7
91,63,Img_91_63.jpg,11,7
91,64,Img_91_64.jpg,11,8
91,65,Img_91_65.jpg,11,8
91,66,Img_91_66.jpg,11,8
91,67,Img_91_67.jpg,11,8
91,68,Img_91_68.jpg,11,8
91,69,Img_91_69.jpg,11,8
91,70,Img_91_70.jpg,11,8
91,71,Img_91_71.jpg,11,8
91,72,Img_91_72.jpg,11,9
91,73,Img_91_73.jpg,11,9
91,74,Img_91_74.jpg,11,9
91,75,Img_91_75.jpg,11,9
91,76,Img_91_76.jpg,11,9
91,77,Img_91_77.jpg,11,9
91,78,Img_91_78.jpg,11,9
91,79,Img_91_79.jpg,11,9
92,0,Img_92_0.jpg,11,0
92,1,Img_92_1.jpg,11,0
92,2,Img_92_2.jpg,11,0
92,3,Img_92_3.jpg,11,0
92,4,Img_92_4.jpg,11,0
92,5,Img_92_5.jpg,11,0
92,6,Img_92_6.jpg,11,0
92,7,Img_92_7.jpg,11,0
92,8,Img_92_8.jpg,11,1
92,9,Img_92_9.jpg,11,1
92,10,Img_92_10.jpg,11,1
92,11,Img_92_11.jpg,11,1
92,12,Img_92_12.jpg,11,1
92,13,Img_92_13.jpg,11,1
92,14,Img_92_14.jpg,11,1
92,15,Img_92_15.jpg,11,1
92,16,Img_92_16.jpg,11,2
92,17,Img_92_17.jpg,11,2
92,18,Img_92_18.jpg,11,2
92,19,Img_92_19.jpg,11,2
92,20,Img_92_20.jpg,11,2
92,21,Img_92_21.jpg,11,2
92,22,Img_92_22.jpg,11,2
92,23,Img_92_23.jpg,11,2
92,24,Img_92_24.jpg,11,3
92,25,Img_92_25.jpg,11,3
92,26,Img_92_26.jpg,11,3
92,27,Img_92_27.jpg,11,3
92,28,Img_92_28.jpg,11,3
92,29,Img_92_29.jpg,11,3
92,30,Img_92_30.jpg,11,3
92,31,Img_92_31.jpg,11,3
92,32,Img_92_32.jpg,11,4
92,33,Img_92_33.jpg,11,4
92,34,Img_92_34.jpg,11,4
92,35,Img_92_35.jpg,11,4
92,36,Img_92_36.jpg,11,4
92,37,Img_92_37.jpg,11,4
92,38,Img_92_38.jpg,11,4
92,39,Img_92_39.jpg,11,4
92,40,Img_92_40.jpg,11,5
92,41,Img_92_41.jpg,11,5
92,42,Img_92_42.jpg,11,5
92,43,Img_92_43.jpg,11,5
92,44,Img_92_44.jpg,11,5
92,45,Img_92_45.jpg,11,5
92,46,Img_92_46.jpg,11,5
92,47,Img_92_47.jpg,11,5
92,48,Img_92_48.jpg,11,6
92,49,Img_92_49.jpg,11,6
92,50,Img_92_50.jpg,11,6
92,51,Img_92_51.jpg,11,6
92,52,Img_92_52.jpg,11,6
92,53,Img_92_53.jpg,11,6
92,54,Img_92_54.jpg,11,6
92,55,Img_92_55.jpg,11,6
92,56,Img_92_56.jpg,11,7
92,57,Img_92_57.jpg,11,7
92,58,Img_92_58.jpg,11,7
92,59,Img_92_59.jpg,11,7
92,60,Img_92_60.jpg,11,7
92,61,Img_92_61.jpg,11,7
92,62,Img_92_62.jpg,11,7
92,63,Img_92_63.jpg,11,7
92,64,Img_92_64.jpg,11,8
92,65,Img_92_65.jpg,11,8
92,66,Img_92_66.jpg,11,8
92,67,Img_92_67.jpg,11,8
92,68,Img_92_68.jpg,11,8
92,69,Img_92_69.jpg,11,8
92,70,Img_92_70.jpg,11,8
92,71,Img_92_71.jpg,11,8
92,72,Img_92_72.jpg,11,9
92,73,Img_92_73.jpg,11,9
92,74,Img_92_74.jpg,11,9
92,75,Img_92_75.jpg,11,9
92,76,Img_92_76.jpg,11,9
92,77,Img_92_77.jpg,11,9
92,78,Img_92_78.jpg,11,9
92,79,Img_92_79.jpg,11,9
93,0,Img_93_0.jpg,11,0
93,1,Img_93_1.jpg,11,0
93,2,Img_93_2.jpg,11,0
93,3,Img_93_3.jpg,11,0
93,4,Img_93_4.jpg,11,0
93,5,Img_93_5.jpg,11,0
93,6,Img_93_6.jpg,11,0
93,7,Img_93_7.jpg,11,0
93,8,Img_93_8.jpg,11,1
93,9,Img_93_9.jpg,11,1
93,10,Img_93_10.jpg,11,1
93,11,Img_93_11.jpg,11,1
93,12,Img_93_12.jpg,11,1
93,13,Img_93_13.jpg,11,1
93,14,Img_93_14.jpg,11,1
93,15,Img_93_15.jpg,11,1
93,16,Img_93_16.jpg,11,2
93,17,Img_93_17.jpg,11,2
93,18,Img_93_18.jpg,11,2
93,19,Img_93_19.jpg,11,2
93,20,Img_93_20.jpg,11,2
93,21,Img_93_21.jpg,11,2
93,22,Img_93_22.jpg,11,2
93,23,Img_93_23.jpg,11,2
93,24,Img_93_24.jpg,11,3
93,25,Img_93_25.jpg,11,3
93,26,Img_93_26.jpg,11,3
93,27,Img_93_27.jpg,11,3
93,28,Img_93_28.jpg,11,3
93,29,Img_93_29.jpg,11,3
93,30,Img_93_30.jpg,11,3
93,31,Img_93_31.jpg,11,3
93,32,Img_93_32.jpg,11,4
93,33,Img_93_33.jpg,11,4
93,34,Img_93_34.jpg,11,4
93,35,Img_93_35.jpg,11,4
93,36,Img_93_36.jpg,11,4
93,37,Img_93_37.jpg,11,4
93,38,Img_93_38.jpg,11,4
93,39,Img_93_39.jpg,11,4
93,40,Img_93_40.jpg,11,5
93,41,Img_93_41.jpg,11,5
93,42,Img_93_42.jpg,11,5
93,43,Img_93_43.jpg,11,5
93,44,Img_93_44.jpg,11,5
93,45,Img_93_45.jpg,11,5
93,46,Img_93_46.jpg,11,5
93,47,Img_93_47.jpg,11,5
93,48,Img_93_48.jpg,11,6
93,49,Img_93_49.jpg,11,6
93,50,Img_93_50.jpg,11,6
93,51,Img_93_51.jpg,11,6
93,52,Img_93_52.jpg,11,6
93,53,Img_93_53.jpg,11,6
93,54,Img_93_54.jpg,11,6
93,55,Img_93_55.jpg,11,6
93,56,Img_93_56.jpg,11,7
93,57,Img_93_57.jpg,11,7
93,58,Img_93_58.jpg,11,7
93,59,Img_93_59.jpg,11,7
93,60,Img_93_60.jpg,11,7
93,61,Img_93_61.jpg,11,7
93,62,Img_93_62.jpg,11,7
93,63,Img_93_63.jpg,11,7
93,64,Img_93_64.jpg,11,8
93,65,Img_93_65.jpg,11,8
93,66,Img_93_66.jpg,11,8
93,67,Img_93_67.jpg,11,8
93,68,Img_93_68.jpg,11,8
93,69,Img_93_69.jpg,11,8
93,70,Img_93_70.jpg,11,8
93,71,Img_93_71.jpg,11,8
93,72,Img_93_72.jpg,11,9
93,73,Img_93_73.jpg,11,9
93,74,Img_93_74.jpg,11,9
93,75,Img_93_75.jpg,11,9
93,76,Img_93_76.jpg,11,9
93,77,Img_93_77.jpg,11,9
93,78,Img_93_78.jpg,11,9
93,79,Img_93_79.jpg,11,9
94,0,Img_94_0.jpg,11,0
94,1,Img_94_1.jpg,11,0
94,2,Img_94_2.jpg,11,0
94,3,Img_94_3.jpg,11,0
94,4,Img_94_4.jpg,11,0
94,5,Img_94_5.jpg,11,0
94,6,Img_94_6.jpg,11,0
94,7,Img_94_7.jpg,11,0
94,8,Img_94_8.jpg,11,1
94,9,Img_94_9.jpg,11,1
94,10,Img_94_10.jpg,11,1
94,11,Img_94_11.jpg,11,1
94,12,Img_94_12.jpg,11,1
94,13,Img_94_13.jpg,11,1
94,14,Img_94_14.jpg,11,1
94,15,Img_94_15.jpg,11,1
94,16,Img_94_16.jpg,11,2
94,17,Img_94_17.jpg,11,2
94,18,Img_94_18.jpg,11,2
94,19,Img_94_19.jpg,11,2
94,20,Img_94_20.jpg,11,2
94,21,Img_94_21.jpg,11,2
94,22,Img_94_22.jpg,11,2
94,23,Img_94_23.jpg,11,2
94,24,Img_94_24.jpg,11,3
94,25,Img_94_25.jpg,11,3
94,26,Img_94_26.jpg,11,3
94,27,Img_94_27.jpg,11,3
94,28,Img_94_28.jpg,11,3
94,29,Img_94_29.jpg,11,3
94,30,Img_94_30.jpg,11,3
94,31,Img_94_31.jpg,11,3
94,32,Img_94_32.jpg,11,4
94,33,Img_94_33.jpg,11,4
94,34,Img_94_34.jpg,11,4
94,35,Img_94_35.jpg,11,4
94,36,Img_94_36.jpg,11,4
94,37,Img_94_37.jpg,11,4
94,38,Img_94_38.jpg,11,4
94,39,Img_94_39.jpg,11,4
94,40,Img_94_40.jpg,11,5
94,41,Img_94_41.jpg,11,5
94,42,Img_94_42.jpg,11,5
94,43,Img_94_43.jpg,11,5
94,44,Img_94_44.jpg,11,5
94,45,Img_94_45.jpg,11,5
94,46,Img_94_46.jpg,11,5
94,47,Img_94_47.jpg,11,5
94,48,Img_94_48.jpg,11,6
94,49,Img_94_49.jpg,11,6
94,50,Img_94_50.jpg,11,6
94,51,Img_94_51.jpg,11,6
94,52,Img_94_52.jpg,11,6
94,53,Img_94_53.jpg,11,6
94,54,Img_94_54.jpg,11,6
94,55,Img_94_55.jpg,11,6
94,56,Img_94_56.jpg,11,7
94,57,Img_94_57.jpg,11,7
94,58,Img_94_58.jpg,11,7
94,59,Img_94_59.jpg,11,7
94,60,Img_94_60.jpg,11,7
94,61,Img_94_61.jpg,11,7
94,62,Img_94_62.jpg,11,7
94,63,Img_94_63.jpg,11,7
94,64,Img_94_64.jpg,11,8
94,65,Img_94_65.jpg,11,8
94,66,Img_94_66.jpg,11,8
94,67,Img_94_67.jpg,11,8
94,68,Img_94_68.jpg,11,8
94,69,Img_94_69.jpg,11,8
94,70,Img_94_70.jpg,11,8
94,71,Img_94_71.jpg,11,8
94,72,Img_94_72.jpg,11,9
94,73,Img_94_73.jpg,11,9
94,74,Img_94_74.jpg,11,9
94,75,Img_94_75.jpg,11,9
94,76,Img_94_76.jpg,11,9
94,77,Img_94_77.jpg,11,9
94,78,Img_94_78.jpg,11,9
94,79,Img_94_79.jpg,11,9
95,0,Img_95_0.jpg,11,0
95,1,Img_95_1.jpg,11,0
95,2,Img_95_2.jpg,11,0
95,3,Img_95_3.jpg,11,0
95,4,Img_95_4.jpg,11,0
95,5,Img_95_5.jpg,11,0
95,6,Img_95_6.jpg,11,0
95,7,Img_95_7.jpg,11,0
95,8,Img_95_8.jpg,11,1
95,9,Img_95_9.jpg,11,1
95,10,Img_95_10.jpg,11,1
95,11,Img_95_11.jpg,11,1
95,12,Img_95_12.jpg,11,1
95,13,Img_95_13.jpg,11,1
95,14,Img_95_14.jpg,11,1
95,15,Img_95_15.jpg,11,1
95,16,Img_95_16.jpg,11,2
95,17,Img_95_17.jpg,11,2
95,18,Img_95_18.jpg,11,2
95,19,Img_95_19.jpg,11,2
95,20,Img_95_20.jpg,11,2
95,21,Img_95_21.jpg,11,2
95,22,Img_95_22.jpg,11,2
95,23,Img_95_23.jpg,11,2
95,24,Img_95_24.jpg,11,3
95,25,Img_95_25.jpg,11,3
95,26,Img_95_26.jpg,11,3
95,27,Img_95_27.jpg,11,3
95,28,Img_95_28.jpg,11,3
95,29,Img_95_29.jpg,11,3
95,30,Img_95_30.jpg,11,3
95,31,Img_95_31.jpg,11,3
95,32,Img_95_32.jpg,11,4
95,33,Img_95_33.jpg,11,4
95,34,Img_95_34.jpg,11,4
95,35,Img_95_35.jpg,11,4
95,36,Img_95_36.jpg,11,4
95,37,Img_95_37.jpg,11,4
95,38,Img_95_38.jpg,11,4
95,39,Img_95_39.jpg,11,4
95,40,Img_95_40.jpg,11,5
95,41,Img_95_41.jpg,11,5
95,42,Img_95_42.jpg,11,5
95,43,Img_95_43.jpg,11,5
95,44,Img_95_44.jpg,11,5
95,45,Img_95_45.jpg,11,5
95,46,Img_95_46.jpg,11,5
95,47,Img_95_47.jpg,11,5
95,48,Img_95_48.jpg,11,6
95,49,Img_95_49.jpg,11,6
95,50,Img_95_50.jpg,11,6
95,51,Img_95_51.jpg,11,6
95,52,Img_95_52.jpg,11,6
95,53,Img_95_53.jpg,11,6
95,54,Img_95_54.jpg,11,6
95,55,Img_95_55.jpg,11,6
95,56,Img_95_56.jpg,11,7
95,57,Img_95_57.jpg,11,7
95,58,Img_95_58.jpg,11,7
95,59,Img_95_59.jpg,11,7
95,60,Img_95_60.jpg,11,7
95,61,Img_95_61.jpg,11,7
95,62,Img_95_62.jpg,11,7
95,63,Img_95_63.jpg,11,7
95,64,Img_95_64.jpg,11,8
95,65,Img_95_65.jpg,11,8
95,66,Img_95_66.jpg,11,8
95,67,Img_95_67.jpg,11,8
95,68,Img_95_68.jpg,11,8
95,69,Img_95_69.jpg,11,8
95,70,Img_95_70.jpg,11,8
95,71,Img_95_71.jpg,11,8
95,72,Img_95_72.jpg,11,9
95,73,Img_95_73.jpg,11,9
95,74,Img_95_74.jpg,11,9
95,75,Img_95_75.jpg,11,9
95,76,Img_95_76.jpg,11,9
95,77,Img_95_77.jpg,11,9
95,78,Img_95_78.jpg,11,9
95,79,Img_95_79.jpg,11,9
96,0,Img_96_0.jpg,12,0
96,1,Img_96_1.jpg,12,0
96,2,Img_96_2.jpg,12,0
96,3,Img_96_3.jpg,12,0
96,4,Img_96_4.jpg,12,0
96,5,Img_96_5.jpg,12,0
96,6,Img_96_6.jpg,12,0
96,7,Img_96_7.jpg,12,0
96,8,Img_96_8.jpg,12,1
96,9,Img_96_9.jpg,12,1
96,10,Img_96_10.jpg,12,1
96,11,Img_96_11.jpg,12,1
96,12,Img_96_12.jpg,12,1
96,13,Img_96_13.jpg,12,1
96,14,Img_96_14.jpg,12,1
96,15,Img_96_15.jpg,12,1
96,16,Img_96_16.jpg,12,2
96,17,Img_96_17.jpg,12,2
96,18,Img_96_18.jpg,12,2
96,19,Img_96_19.jpg,12,2
96,20,Img_96_20.jpg,12,2
96,21,Img_96_21.jpg,12,2
96,22,Img_96_22.jpg,12,2
96,23,Img_96_23.jpg,12,2
96,24,Img_96_24.jpg,12,3
96,25,Img_96_25.jpg,12,3
96,26,Img_96_26.jpg,12,3
96,27,Img_96_27.jpg,12,3
96,28,Img_96_28.jpg,12,3
96,29,Img_96_29.jpg,12,3
96,30,Img_96_30.jpg,12,3
96,31,Img_96_31.jpg,12,3
96,32,Img_96_32.jpg,12,4
96,33,Img_96_33.jpg,12,4
96,34,Img_96_34.jpg,12,4
96,35,Img_96_35.jpg,12,4
96,36,Img_96_36.jpg,12,4
96,37,Img_96_37.jpg,12,4
96,38,Img_96_38.jpg,12,4
96,39,Img_96_39.jpg,12,4
96,40,Img_96_40.jpg,12,5
96,41,Img_96_41.jpg,12,5
96,42,Img_96_42.jpg,12,5
96,43,Img_96_43.jpg,12,5
96,44,Img_96_44.jpg,12,5
96,45,Img_96_45.jpg,12,5
96,46,Img_96_46.jpg,12,5
96,47,Img_96_47.jpg,12,5
96,48,Img_96_48.jpg,12,6
96,49,Img_96_49.jpg,12,6
96,50,Img_96_50.jpg,12,6
96,51,Img_96_51.jpg,12,6
96,52,Img_96_52.jpg,12,6
96,53,Img_96_53.jpg,12,6
96,54,Img_96_54.jpg,12,6
96,55,Img_96_55.jpg,12,6
96,56,Img_96_56.jpg,12,7
96,57,Img_96_57.jpg,12,7
96,58,Img_96_58.jpg,12,7
96,59,Img_96_59.jpg,12,7
96,60,Img_96_60.jpg,12,7
96,61,Img_96_61.jpg,12,7
96,62,Img_96_62.jpg,12,7
96,63,Img_96_63.jpg,12,7
96,64,Img_96_64.jpg,12,8
96,65,Img_96_65.jpg,12,8
96,66,Img_96_66.jpg,12,8
96,67,Img_96_67.jpg,12,8
96,68,Img_96_68.jpg,12,8
96,69,Img_96_69.jpg,12,8
96,70,Img_96_70.jpg,12,8
96,71,Img_96_71.jpg,12,8
97,0,Img_97_0.jpg,12,0
97,1,Img_97_1.jpg,12,0
97,2,Img_97_2.jpg,12,0
97,3,Img_97_3.jpg,12,0
97,4,Img_97_4.jpg,12,0
97,5,Img_97_5.jpg,12,0
97,6,Img_97_6.jpg,12,0
97,7,Img_97_7.jpg,12,0
97,8,Img_97_8.jpg,12,1
97,9,Img_97_9.jpg,12,1
97,10,Img_97_10.jpg,12,1
97,11,Img_97_11.jpg,12,1
97,12,Img_97_12.jpg,12,1
97,13,Img_97_13.jpg,12,1
97,14,Img_97_14.jpg,12,1
97,15,Img_97_15.jpg,12,1
97,16,Img_97_16.jpg,12,2
97,17,Img_97_17.jpg,12,2
97,18,Img_97_18.jpg,12,2
97,19,Img_97_19.jpg,12,2
97,20,Img_97_20.jpg,12,2
97,21,Img_97_21.jpg,12,2
97,22,Img_97_22.jpg,12,2
97,23,Img_97_23.jpg,12,2
97,24,Img_97_24.jpg,12,3
97,25,Img_97_25.jpg,12,3
97,26,Img_97_26.jpg,12,3
97,27,Img_97_27.jpg,12,3
97,28,Img_97_28.jpg,12,3
97,29,Img_97_29.jpg,12,3
97,30,Img_97_30.jpg,12,3
97,31,Img_97_31.jpg,12,3
97,32,Img_97_32.jpg,12,4
97,33,Img_97_33.jpg,12,4
97,34,Img_97_34.jpg,12,4
97,35,Img_97_35.jpg,12,4
97,36,Img_97_36.jpg,12,4
97,37,Img_97_37.jpg,12,4
97,38,Img_97_38.jpg,12,4
97,39,Img_97_39.jpg,12,4
97,40,Img_97_40.jpg,12,5
97,41,Img_97_41.jpg,12,5
97,42,Img_97_42.jpg,12,5
97,43,Img_97_43.jpg,12,5
97,44,Img_97_44.jpg,12,5
97,45,Img_97_45.jpg,12,5
97,46,Img_97_46.jpg,12,5
97,47,Img_97_47.jpg,12,5
97,48,Img_97_48.jpg,12,6
97,49,Img_97_49.jpg,12,6
97,50,Img_97_50.jpg,12,6
97,51,Img_97_51.jpg,12,6
97,52,Img_97_52.jpg,12,6
97,53,Img_97_53.jpg,12,6
97,54,Img_97_54.jpg,12,6
97,55,Img_97_55.jpg,12,6
97,56,Img_97_56.jpg,12,7
97,57,Img_97_57.jpg,12,7
97,58,Img_97_58.jpg,12,7
97,59,Img_97_59.jpg,12,7
97,60,Img_97_60.jpg,12,7
97,61,Img_97_61.jpg,12,7
97,62,Img_97_62.jpg,12,7
97,63,Img_97_63.jpg,12,7
97,64,Img_97_64.jpg,12,8
97,65,Img_97_65.jpg,12,8
97,66,Img_97_66.jpg,12,8
97,67,Img_97_67.jpg,12,8
97,68,Img_97_68.jpg,12,8
97,69,Img_97_69.jpg,12,8
97,70,Img_97_70.jpg,12,8
97,71,Img_97_71.jpg,12,8
98,0,Img_98_0.jpg,12,0
98,1,Img_98_1.jpg,12,0
98,2,Img_98_2.jpg,12,0
98,3,Img_98_3.jpg,12,0
98,4,Img_98_4.jpg,12,0
98,5,Img_98_5.jpg,12,0
98,6,Img_98_6.jpg,12,0
98,7,Img_98_7.jpg,12,0
98,8,Img_98_8.jpg,12,1
98,9,Img_98_9.jpg,12,1
98,10,Img_98_10.jpg,12,1
98,11,Img_98_11.jpg,12,1
98,12,Img_98_12.jpg,12,1
98,13,Img_98_13.jpg,12,1
98,14,Img_98_14.jpg,12,1
98,15,Img_98_15.jpg,12,1
98,16,Img_98_16.jpg,12,2
98,17,Img_98_17.jpg,12,2
98,18,Img_98_18.jpg,12,2
98,19,Img_98_19.jpg,12,2
98,20,Img_98_20.jpg,12,2
98,21,Img_98_21.jpg,12,2
98,22,Img_98_22.jpg,12,2
98,23,Img_98_23.jpg,12,2
98,24,Img_98_24.jpg,12,3
98,25,Img_98_25.jpg,12,3
98,26,Img_98_26.jpg,12,3
98,27,Img_98_27.jpg,12,3
98,28,Img_98_28.jpg,12,3
98,29,Img_98_29.jpg,12,3
98,30,Img_98_30.jpg,12,3
98,31,Img_98_31.jpg,12,3
98,32,Img_98_32.jpg,12,4
98,33,Img_98_33.jpg,12,4
98,34,Img_98_34.jpg,12,4
98,35,Img_98_35.jpg,12,4
98,36,Img_98_36.jpg,12,4
98,37,Img_98_37.jpg,12,4
98,38,Img_98_38.jpg,12,4
98,39,Img_98_39.jpg,12,4
98,40,Img_98_40.jpg,12,5
98,41,Img_98_41.jpg,12,5
98,42,Img_98_42.jpg,12,5
98,43,Img_98_43.jpg,12,5
98,44,Img_98_44.jpg,12,5
98,45,Img_98_45.jpg,12,5
98,46,Img_98_46.jpg,12,5
98,47,Img_98_47.jpg,12,5
98,48,Img_98_48.jpg,12,6
98,49,Img_98_49.jpg,12,6
98,50,Img_98_50.jpg,12,6
98,51,Img_98_51.jpg,12,6
98,52,Img_98_52.jpg,12,6
98,53,Img_98_53.jpg,12,6
98,54,Img_98_54.jpg,12,6
98,55,Img_98_55.jpg,12,6
98,56,Img_98_56.jpg,12,7
98,57,Img_98_57.jpg,12,7
98,58,Img_98_58.jpg,12,7
98,59,Img_98_59.jpg,12,7
98,60,Img_98_60.jpg,12,7
98,61,Img_98_61.jpg,12,7
98,62,Img_98_62.jpg,12,7
98,63,Img_98_63.jpg,12,7
98,64,Img_98_64.jpg,12,8
98,65,Img_98_65.jpg,12,8
98,66,Img_98_66.jpg,12,8
98,67,Img_98_67.jpg,12,8
98,68,Img_98_68.jpg,12,8
98,69,Img_98_69.jpg,12,8
98,70,Img_98_70.jpg,12,8
98,71,Img_98_71.jpg,12,8
99,0,Img_99_0.jpg,12,0
99,1,Img_99_1.jpg,12,0
99,2,Img_99_2.jpg,12,0
99,3,Img_99_3.jpg,12,0
99,4,Img_99_4.jpg,12,0
99,5,Img_99_5.jpg,12,0
99,6,Img_99_6.jpg,12,0
99,7,Img_99_7.jpg,12,0
99,8,Img_99_8.jpg,12,1
99,9,Img_99_9.jpg,12,1
99,10,Img_99_10.jpg,12,1
99,11,Img_99_11.jpg,12,1
99,12,Img_99_12.jpg,12,1
99,13,Img_99_13.jpg,12,1
99,14,Img_99_14.jpg,12,1
99,15,Img_99_15.jpg,12,1
99,16,Img_99_16.jpg,12,2
99,17,Img_99_17.jpg,12,2
99,18,Img_99_18.jpg,12,2
99,19,Img_99_19.jpg,12,2
99,20,Img_99_20.jpg,12,2
99,21,Img_99_21.jpg,12,2
99,22,Img_99_22.jpg,12,2
99,23,Img_99_23.jpg,12,2
99,24,Img_99_24.jpg,12,3
99,25,Img_99_25.jpg,12,3
99,26,Img_99_26.jpg,12,3
99,27,Img_99_27.jpg,12,3
99,28,Img_99_28.jpg,12,3
99,29,Img_99_29.jpg,12,3
99,30,Img_99_30.jpg,12,3
99,31,Img_99_31.jpg,12,3
99,32,Img_99_32.jpg,12,4
99,33,Img_99_33.jpg,12,4
99,34,Img_99_34.jpg,12,4
99,35,Img_99_35.jpg,12,4
99,36,Img_99_36.jpg,12,4
99,37,Img_99_37.jpg,12,4
99,38,Img_99_38.jpg,12,4
99,39,Img_99_39.jpg,12,4
99,40,Img_99_40.jpg,12,5
99,41,Img_99_41.jpg,12,5
99,42,Img_99_42.jpg,12,5
99,43,Img_99_43.jpg,12,5
99,44,Img_99_44.jpg,12,5
99,45,Img_99_45.jpg,12,5
99,46,Img_99_46.jpg,12,5
99,47,Img_99_47.jpg,12,5
99,48,Img_99_48.jpg,12,6
99,49,Img_99_49.jpg,12,6
99,50,Img_99_50.jpg,12,6
99,51,Img_99_51.jpg,12,6
99,52,Img_99_52.jpg,12,6
99,53,Img_99_53.jpg,12,6
99,54,Img_99_54.jpg,12,6
99,55,Img_99_55.jpg,12,6
99,56,Img_99_56.jpg,12,7
99,57,Img_99_57.jpg,12,7
99,58,Img_99_58.jpg,12,7
99,59,Img_99_59.jpg,12,7
99,60,Img_99_60.jpg,12,7
99,61,Img_99_61.jpg,12,7
99,62,Img_99_62.jpg,12,7
99,63,Img_99_63.jpg,12,7
99,64,Img_99_64.jpg,12,8
99,65,Img_99_65.jpg,12,8
99,66,Img_99_66.jpg,12,8
99,67,Img_99_67.jpg,12,8
99,68,Img_99_68.jpg,12,8
99,69,Img_99_69.jpg,12,8
99,70,Img_99_70.jpg,12,8
99,71,Img_99_71.jpg,12,8
100,0,Img_100_0.jpg,12,0
100,1,Img_100_1.jpg,12,0
100,2,Img_100_2.jpg,12,0
100,3,Img_100_3.jpg,12,0
100,4,Img_100_4.jpg,12,0
100,5,Img_100_5.jpg,12,0
100,6,Img_100_6.jpg,12,0
100,7,Img_100_7.jpg,12,0
100,8,Img_100_8.jpg,12,1
100,9,Img_100_9.jpg,12,1
100,10,Img_100_10.jpg,12,1
100,11,Img_100_11.jpg,12,1
100,12,Img_100_12.jpg,12,1
100,13,Img_100_13.jpg,12,1
100,14,Img_100_14.jpg,12,1
100,15,Img_100_15.jpg,12,1
100,16,Img_100_16.jpg,12,2
100,17,Img_100_17.jpg,12,2
100,18,Img_100_18.jpg,12,2
100,19,Img_100_19.jpg,12,2
100,20,Img_100_20.jpg,12,2
100,21,Img_100_21.jpg,12,2
100,22,Img_100_22.jpg,12,2
100,23,Img_100_23.jpg,12,2
100,24,Img_100_24.jpg,12,3
100,25,Img_100_25.jpg,12,3
100,26,Img_100_26.jpg,12,3
100,27,Img_100_27.jpg,12,3
100,28,Img_100_28.jpg,12,3
100,29,Img_100_29.jpg,12,3
100,30,Img_100_30.jpg,12,3
100,31,Img_100_31.jpg,12,3
100,32,Img_100_32.jpg,12,4
100,33,Img_100_33.jpg,12,4
100,34,Img_100_34.jpg,12,4
100,35,Img_100_35.jpg,12,4
100,36,Img_100_36.jpg,12,4
100,37,Img_100_37.jpg,12,4
100,38,Img_100_38.jpg,12,4
100,39,Img_100_39.jpg,12,4
100,40,Img_100_40.jpg,12,5
100,41,Img_100_41.jpg,12,5
100,42,Img_100_42.jpg,12,5
100,43,Img_100_43.jpg,12,5
100,44,Img_100_44.jpg,12,5
100,45,Img_100_45.jpg,12,5
100,46,Img_100_46.jpg,12,5
100,47,Img_100_47.jpg,12,5
100,48,Img_100_48.jpg,12,6
100,49,Img_100_49.jpg,12,6
100,50,Img_100_50.jpg,12,6
100,51,Img_100_51.jpg,12,6
100,52,Img_100_52.jpg,12,6
100,53,Img_100_53.jpg,12,6
100,54,Img_100_54.jpg,12,6
100,55,Img_100_55.jpg,12,6
100,56,Img_100_56.jpg,12,7
100,57,Img_100_57.jpg,12,7
100,58,Img_100_58.jpg,12,7
100,59,Img_100_59.jpg,12,7
100,60,Img_100_60.jpg,12,7
100,61,Img_100_61.jpg,12,7
100,62,Img_100_62.jpg,12,7
100,63,Img_100_63.jpg,12,7
100,64,Img_100_64.jpg,12,8
100,65,Img_100_65.jpg,12,8
100,66,Img_100_66.jpg,12,8
100,67,Img_100_67.jpg,12,8
100,68,Img_100_68.jpg,12,8
100,69,Img_100_69.jpg,12,8
100,70,Img_100_70.jpg,12,8
100,71,Img_100_71.jpg,12,8
101,0,Img_101_0.jpg,12,0
101,1,Img_101_1.jpg,12,0
101,2,Img_101_2.jpg,12,0
101,3,Img_101_3.jpg,12,0
101,4,Img_101_4.jpg,12,0
101,5,Img_101_5.jpg,12,0
101,6,Img_101_6.jpg,12,0
101,7,Img_101_7.jpg,12,0
101,8,Img_101_8.jpg,12,1
101,9,Img_101_9.jpg,12,1
101,10,Img_101_10.jpg,12,1
101,11,Img_101_11.jpg,12,1
101,12,Img_101_12.jpg,12,1
101,13,Img_101_13.jpg,12,1
101,14,Img_101_14.jpg,12,1
101,15,Img_101_15.jpg,12,1
101,16,Img_101_16.jpg,12,2
101,17,Img_101_17.jpg,12,2
101,18,Img_101_18.jpg,12,2
101,19,Img_101_19.jpg,12,2
101,20,Img_101_20.jpg,12,2
101,21,Img_101_21.jpg,12,2
101,22,Img_101_22.jpg,12,2
101,23,Img_101_23.jpg,12,2
101,24,Img_101_24.jpg,12,3
101,25,Img_101_25.jpg,12,3
101,26,Img_101_26.jpg,12,3
101,27,Img_101_27.jpg,12,3
101,28,Img_101_28.jpg,12,3
101,29,Img_101_29.jpg,12,3
101,30,Img_101_30.jpg,12,3
101,31,Img_101_31.jpg,12,3
101,32,Img_101_32.jpg,12,4
101,33,Img_101_33.jpg,12,4
101,34,Img_101_34.jpg,12,4
101,35,Img_101_35.jpg,12,4
101,36,Img_101_36.jpg,12,4
101,37,Img_101_37.jpg,12,4
101,38,Img_101_38.jpg,12,4
101,39,Img_101_39.jpg,12,4
101,40,Img_101_40.jpg,12,5
101,41,Img_101_41.jpg,12,5
101,42,Img_101_42.jpg,12,5
101,43,Img_101_43.jpg,12,5
101,44,Img_101_44.jpg,12,5
101,45,Img_101_45.jpg,12,5
101,46,Img_101_46.jpg,12,5
101,47,Img_101_47.jpg,12,5
101,48,Img_101_48.jpg,12,6
101,49,Img_101_49.jpg,12,6
101,50,Img_101_50.jpg,12,6
101,51,Img_101_51.jpg,12,6
101,52,Img_101_52.jpg,12,6
101,53,Img_101_53.jpg,12,6
101,54,Img_101_54.jpg,12,6
101,55,Img_101_55.jpg,12,6
101,56,Img_101_56.jpg,12,7
101,57,Img_101_57.jpg,12,7
101,58,Img_101_58.jpg,12,7
101,59,Img_101_59.jpg,12,7
101,60,Img_101_60.jpg,12,7
101,61,Img_101_61.jpg,12,7
101,62,Img_101_62.jpg,12,7
101,63,Img_101_63.jpg,12,7
101,64,Img_101_64.jpg,12,8
101,65,Img_101_65.jpg,12,8
101,66,Img_101_66.jpg,12,8
101,67,Img_101_67.jpg,12,8
101,68,Img_101_68.jpg,12,8
101,69,Img_101_69.jpg,12,8
101,70,Img_101_70.jpg,12,8
101,71,Img_101_71.jpg,12,8
102,0,Img_102_0.jpg,12,0
102,1,Img_102_1.jpg,12,0
102,2,Img_102_2.jpg,12,0
102,3,Img_102_3.jpg,12,0
102,4,Img_102_4.jpg,12,0
102,5,Img_102_5.jpg,12,0
102,6,Img_102_6.jpg,12,0
102,7,Img_102_7.jpg,12,0
102,8,Img_102_8.jpg,12,1
102,9,Img_102_9.jpg,12,1
102,10,Img_102_10.jpg,12,1
102,11,Img_102_11.jpg,12,1
102,12,Img_102_12.jpg,12,1
102,13,Img_102_13.jpg,12,1
102,14,Img_102_14.jpg,12,1
102,15,Img_102_15.jpg,12,1
102,16,Img_102_16.jpg,12,2
102,17,Img_102_17.jpg,12,2
102,18,Img_102_18.jpg,12,2
102,19,Img_102_19.jpg,12,2
102,20,Img_102_20.jpg,12,2
102,21,Img_102_21.jpg,12,2
102,22,Img_102_22.jpg,12,2
102,23,Img_102_23.jpg,12,2
102,24,Img_102_24.jpg,12,3
102,25,Img_102_25.jpg,12,3
102,26,Img_102_26.jpg,12,3
102,27,Img_102_27.jpg,12,3
102,28,Img_102_28.jpg,12,3
102,29,Img_102_29.jpg,12,3
102,30,Img_102_30.jpg,12,3
102,31,Img_102_31.jpg,12,3
102,32,Img_102_32.jpg,12,4
102,33,Img_102_33.jpg,12,4
102,34,Img_102_34.jpg,12,4
102,35,Img_102_35.jpg,12,4
102,36,Img_102_36.jpg,12,4
102,37,Img_102_37.jpg,12,4
102,38,Img_102_38.jpg,12,4
102,39,Img_102_39.jpg,12,4
102,40,Img_102_40.jpg,12,5
102,41,Img_102_41.jpg,12,5
102,42,Img_102_42.jpg,12,5
102,43,Img_102_43.jpg,12,5
102,44,Img_102_44.jpg,12,5
102,45,Img_102_45.jpg,12,5
102,46,Img_102_46.jpg,12,5
102,47,Img_102_47.jpg,12,5
102,48,Img_102_48.jpg,12,6
102,49,Img_102_49.jpg,12,6
102,50,Img_102_50.jpg,12,6
102,51,Img_102_51.jpg,12,6
102,52,Img_102_52.jpg,12,6
102,53,Img_102_53.jpg,12,6
102,54,Img_102_54.jpg,12,6
102,55,Img_102_55.jpg,12,6
102,56,Img_102_56.jpg,12,7
102,57,Img_102_57.jpg,12,7
102,58,Img_102_58.jpg,12,7
102,59,Img_102_59.jpg,12,7
102,60,Img_102_60.jpg,12,7
102,61,Img_102_61.jpg,12,7
102,62,Img_102_62.jpg,12,7
102,63,Img_102_63.jpg,12,7
102,64,Img_102_64.jpg,12,8
102,65,Img_102_65.jpg,12,8
102,66,Img_102_66.jpg,12,8
102,67,Img_102_67.jpg,12,8
102,68,Img_102_68.jpg,12,8
102,69,Img_102_69.jpg,12,8
102,70,Img_102_70.jpg,12,8
102,71,Img_102_71.jpg,12,8
103,0,Img_103_0.jpg,12,0
103,1,Img_103_1.jpg,12,0
103,2,Img_103_2.jpg,12,0
103,3,Img_103_3.jpg,12,0
103,4,Img_103_4.jpg,12,0
103,5,Img_103_5.jpg,12,0
103,6,Img_103_6.jpg,12,0
103,7,Img_103_7.jpg,12,0
103,8,Img_103_8.jpg,12,1
103,9,Img_103_9.jpg,12,1
103,10,Img_103_10.jpg,12,1
103,11,Img_103_11.jpg,12,1
103,12,Img_103_12.jpg,12,1
103,13,Img_103_13.jpg,12,1
103,14,Img_103_14.jpg,12,1
103,15,Img_103_15.jpg,12,1
103,16,Img_103_16.jpg,12,2
103,17,Img_103_17.jpg,12,2
103,18,Img_103_18.jpg,12,2
103,19,Img_103_19.jpg,12,2
103,20,Img_103_20.jpg,12,2
103,21,Img_103_21.jpg,12,2
103,22,Img_103_22.jpg,12,2
103,23,Img_103_23.jpg,12,2
103,24,Img_103_24.jpg,12,3
103,25,Img_103_25.jpg,12,3
103,26,Img_103_26.jpg,12,3
103,27,Img_103_27.jpg,12,3
103,28,Img_103_28.jpg,12,3
103,29,Img_103_29.jpg,12,3
103,30,Img_103_30.jpg,12,3
103,31,Img_103_31.jpg,12,3
103,32,Img_103_32.jpg,12,4
103,33,Img_103_33.jpg,12,4
103,34,Img_103_34.jpg,12,4
103,35,Img_103_35.jpg,12,4
103,36,Img_103_36.jpg,12,4
103,37,Img_103_37.jpg,12,4
103,38,Img_103_38.jpg,12,4
103,39,Img_103_39.jpg,12,4
103,40,Img_103_40.jpg,12,5
103,41,Img_103_41.jpg,12,5
103,42,Img_103_42.jpg,12,5
103,43,Img_103_43.jpg,12,5
103,44,Img_103_44.jpg,12,5
103,45,Img_103_45.jpg,12,5
103,46,Img_103_46.jpg,12,5
103,47,Img_103_47.jpg,12,5
103,48,Img_103_48.jpg,12,6
103,49,Img_103_49.jpg,12,6
103,50,Img_103_50.jpg,12,6
103,51,Img_103_51.jpg,12,6
103,52,Img_103_52.jpg,12,6
103,53,Img_103_53.jpg,12,6
103,54,Img_103_54.jpg,12,6
103,55,Img_103_55.jpg,12,6
103,56,Img_103_56.jpg,12,7
103,57,Img_103_57.jpg,12,7
103,58,Img_103_58.jpg,12,7
103,59,Img_103_59.jpg,12,7
103,60,Img_103_60.jpg,12,7
103,61,Img_103_61.jpg,12,7
103,62,Img_103_62.jpg,12,7
103,63,Img_103_63.jpg,12,7
103,64,Img_103_64.jpg,12,8
103,65,Img_103_65.jpg,12,8
103,66,Img_103_66.jpg,12,8
103,67,Img_103_67.jpg,12,8
103,68,Img_103_68.jpg,12,8
103,69,Img_103_69.jpg,12,8
103,70,Img_103_70.jpg,12,8
103,71,Img_103_71.jpg,12,8
104,0,Img_104_0.jpg,13,0
104,1,Img_104_1.jpg,13,0
104,2,Img_104_2.jpg,13,0
104,3,Img_104_3.jpg,13,0
104,4,Img_104_4.jpg,13,0
104,5,Img_104_5.jpg,13,0
104,6,Img_104_6.jpg,13,0
104,7,Img_104_7.jpg,13,0
104,8,Img_104_8.jpg,13,1
104,9,Img_104_9.jpg,13,1
104,10,Img_104_10.jpg,13,1
104,11,Img_104_11.jpg,13,1
104,12,Img_104_12.jpg,13,1
104,13,Img_104_13.jpg,13,1
104,14,Img_104_14.jpg,13,1
104,15,Img_104_15.jpg,13,1
104,16,Img_104_16.jpg,13,2
104,17,Img_104_17.jpg,13,2
104,18,Img_104_18.jpg,13,2
104,19,Img_104_19.jpg,13,2
104,20,Img_104_20.jpg,13,2
104,21,Img_104_21.jpg,13,2
104,22,Img_104_22.jpg,13,2
104,23,Img_104_23.jpg,13,2
104,24,Img_104_24.jpg,13,3
104,25,Img_104_25.jpg,13,3
104,26,Img_104_26.jpg,13,3
104,27,Img_104_27.jpg,13,3
104,28,Img_104_28.jpg,13,3
104,29,Img_104_29.jpg,13,3
104,30,Img_104_30.jpg,13,3
104,31,Img_104_31.jpg,13,3
104,32,Img_104_32.jpg,13,4
104,33,Img_104_33.jpg,13,4
104,34,Img_104_34.jpg,13,4
104,35,Img_104_35.jpg,13,4
104,36,Img_104_36.jpg,13,4
104,37,Img_104_37.jpg,13,4
104,38,Img_104_38.jpg,13,4
104,39,Img_104_39.jpg,13,4
104,40,Img_104_40.jpg,13,5
104,41,Img_104_41.jpg,13,5
104,42,Img_104_42.jpg,13,5
104,43,Img_104_43.jpg,13,5
104,44,Img_104_44.jpg,13,5
104,45,Img_104_45.jpg,13,5
104,46,Img_104_46.jpg,13,5
104,47,Img_104_47.jpg,13,5
104,48,Img_104_48.jpg,13,6
104,49,Img_104_49.jpg,13,6
104,50,Img_104_50.jpg,13,6
104,51,Img_104_51.jpg,13,6
104,52,Img_104_52.jpg,13,6
104,53,Img_104_53.jpg,13,6
104,54,Img_104_54.jpg,13,6
104,55,Img_104_55.jpg,13,6
105,0,Img_105_0.jpg,13,0
105,1,Img_105_1.jpg,13,0
105,2,Img_105_2.jpg,13,0
105,3,Img_105_3.jpg,13,0
105,4,Img_105_4.jpg,13,0
105,5,Img_105_5.jpg,13,0
105,6,Img_105_6.jpg,13,0
105,7,Img_105_7.jpg,13,0
105,8,Img_105_8.jpg,13,1
105,9,Img_105_9.jpg,13,1
105,10,Img_105_10.jpg,13,1
105,11,Img_105_11.jpg,13,1
105,12,Img_105_12.jpg,13,1
105,13,Img_105_13.jpg,13,1
105,14,Img_105_14.jpg,13,1
105,15,Img_105_15.jpg,13,1
105,16,Img_105_16.jpg,13,2
105,17,Img_105_17.jpg,13,2
105,18,Img_105_18.jpg,13,2
105,19,Img_105_19.jpg,13,2
105,20,Img_105_20.jpg,13,2
105,21,Img_105_21.jpg,13,2
105,22,Img_105_22.jpg,13,2
105,23,Img_105_23.jpg,13,2
105,24,Img_105_24.jpg,13,3
105,25,Img_105_25.jpg,13,3
105,26,Img_105_26.jpg,13,3
105,27,Img_105_27.jpg,13,3
105,28,Img_105_28.jpg,13,3
105,29,Img_105_29.jpg,13,3
105,30,Img_105_30.jpg,13,3
105,31,Img_105_31.jpg,13,3
105,32,Img_105_32.jpg,13,4
105,33,Img_105_33.jpg,13,4
105,34,Img_105_34.jpg,13,4
105,35,Img_105_35.jpg,13,4
105,36,Img_105_36.jpg,13,4
105,37,Img_105_37.jpg,13,4
105,38,Img_105_38.jpg,13,4
105,39,Img_105_39.jpg,13,4
105,40,Img_105_40.jpg,13,5
105,41,Img_105_41.jpg,13,5
105,42,Img_105_42.jpg,13,5
105,43,Img_105_43.jpg,13,5
105,44,Img_105_44.jpg,13,5
105,45,Img_105_45.jpg,13,5
105,46,Img_105_46.jpg,13,5
105,47,Img_105_47.jpg,13,5
105,48,Img_105_48.jpg,13,6
105,49,Img_105_49.jpg,13,6
105,50,Img_105_50.jpg,13,6
105,51,Img_105_51.jpg,13,6
105,52,Img_105_52.jpg,13,6
105,53,Img_105_53.jpg,13,6
105,54,Img_105_54.jpg,13,6
105,55,Img_105_55.jpg,13,6
106,0,Img_106_0.jpg,13,0
106,1,Img_106_1.jpg,13,0
106,2,Img_106_2.jpg,13,0
106,3,Img_106_3.jpg,13,0
106,4,Img_106_4.jpg,13,0
106,5,Img_106_5.jpg,13,0
106,6,Img_106_6.jpg,13,0
106,7,Img_106_7.jpg,13,0
106,8,Img_106_8.jpg,13,1
106,9,Img_106_9.jpg,13,1
106,10,Img_106_10.jpg,13,1
106,11,Img_106_11.jpg,13,1
106,12,Img_106_12.jpg,13,1
106,13,Img_106_13.jpg,13,1
106,14,Img_106_14.jpg,13,1
106,15,Img_106_15.jpg,13,1
106,16,Img_106_16.jpg,13,2
106,17,Img_106_17.jpg,13,2
106,18,Img_106_18.jpg,13,2
106,19,Img_106_19.jpg,13,2
106,20,Img_106_20.jpg,13,2
106,21,Img_106_21.jpg,13,2
106,22,Img_106_22.jpg,13,2
106,23,Img_106_23.jpg,13,2
106,24,Img_106_24.jpg,13,3
106,25,Img_106_25.jpg,13,3
106,26,Img_106_26.jpg,13,3
106,27,Img_106_27.jpg,13,3
106,28,Img_106_28.jpg,13,3
106,29,Img_106_29.jpg,13,3
106,30,Img_106_30.jpg,13,3
106,31,Img_106_31.jpg,13,3
106,32,Img_106_32.jpg,13,4
106,33,Img_106_33.jpg,13,4
106,34,Img_106_34.jpg,13,4
106,35,Img_106_35.jpg,13,4
106,36,Img_106_36.jpg,13,4
106,37,Img_106_37.jpg,13,4
106,38,Img_106_38.jpg,13,4
106,39,Img_106_39.jpg,13,4
106,40,Img_106_40.jpg,13,5
106,41,Img_106_41.jpg,13,5
106,42,Img_106_42.jpg,13,5
106,43,Img_106_43.jpg,13,5
106,44,Img_106_44.jpg,13,5
106,45,Img_106_45.jpg,13,5
106,46,Img_106_46.jpg,13,5
106,47,Img_106_47.jpg,13,5
106,48,Img_106_48.jpg,13,6
106,49,Img_106_49.jpg,13,6
106,50,Img_106_50.jpg,13,6
106,51,Img_106_51.jpg,13,6
106,52,Img_106_52.jpg,13,6
106,53,Img_106_53.jpg,13,6
106,54,Img_106_54.jpg,13,6
106,55,Img_106_55.jpg,13,6
107,0,Img_107_0.jpg,13,0
107,1,Img_107_1.jpg,13,0
107,2,Img_107_2.jpg,13,0
107,3,Img_107_3.jpg,13,0
107,4,Img_107_4.jpg,13,0
107,5,Img_107_5.jpg,13,0
107,6,Img_107_6.jpg,13,0
107,7,Img_107_7.jpg,13,0
107,8,Img_107_8.jpg,13,1
107,9,Img_107_9.jpg,13,1
107,10,Img_107_10.jpg,13,1
107,11,Img_107_11.jpg,13,1
107,12,Img_107_12.jpg,13,1
107,13,Img_107_13.jpg,13,1
107,14,Img_107_14.jpg,13,1
107,15,Img_107_15.jpg,13,1
107,16,Img_107_16.jpg,13,2
107,17,Img_107_17.jpg,13,2
107,18,Img_107_18.jpg,13,2
107,19,Img_107_19.jpg,13,2
107,20,Img_107_20.jpg,13,2
107,21,Img_107_21.jpg,13,2
107,22,Img_107_22.jpg,13,2
107,23,Img_107_23.jpg,13,2
107,24,Img_107_24.jpg,13,3
107,25,Img_107_25.jpg,13,3
107,26,Img_107_26.jpg,13,3
107,27,Img_107_27.jpg,13,3
107,28,Img_107_28.jpg,13,3
107,29,Img_107_29.jpg,13,3
107,30,Img_107_30.jpg,13,3
107,31,Img_107_31.jpg,13,3
107,32,Img_107_32.jpg,13,4
107,33,Img_107_33.jpg,13,4
107,34,Img_107_34.jpg,13,4
107,35,Img_107_35.jpg,13,4
107,36,Img_107_36.jpg,13,4
107,37,Img_107_37.jpg,13,4
107,38,Img_107_38.jpg,13,4
107,39,Img_107_39.jpg,13,4
107,40,Img_107_40.jpg,13,5
107,41,Img_107_41.jpg,13,5
107,42,Img_107_42.jpg,13,5
107,43,Img_107_43.jpg,13,5
107,44,Img_107_44.jpg,13,5
107,45,Img_107_45.jpg,13,5
107,46,Img_107_46.jpg,13,5
107,47,Img_107_47.jpg,13,5
107,48,Img_107_48.jpg,13,6
107,49,Img_107_49.jpg,13,6
107,50,Img_107_50.jpg,13,6
107,51,Img_107_51.jpg,13,6
107,52,Img_107_52.jpg,13,6
107,53,Img_107_53.jpg,13,6
107,54,Img_107_54.jpg,13,6
107,55,Img_107_55.jpg,13,6
108,0,Img_108_0.jpg,13,0
108,1,Img_108_1.jpg,13,0
108,2,Img_108_2.jpg,13,0
108,3,Img_108_3.jpg,13,0
108,4,Img_108_4.jpg,13,0
108,5,Img_108_5.jpg,13,0
108,6,Img_108_6.jpg,13,0
108,7,Img_108_7.jpg,13,0
108,8,Img_108_8.jpg,13,1
108,9,Img_108_9.jpg,13,1
108,10,Img_108_10.jpg,13,1
108,11,Img_108_11.jpg,13,1
108,12,Img_108_12.jpg,13,1
108,13,Img_108_13.jpg,13,1
108,14,Img_108_14.jpg,13,1
108,15,Img_108_15.jpg,13,1
108,16,Img_108_16.jpg,13,2
108,17,Img_108_17.jpg,13,2
108,18,Img_108_18.jpg,13,2
108,19,Img_108_19.jpg,13,2
108,20,Img_108_20.jpg,13,2
108,21,Img_108_21.jpg,13,2
108,22,Img_108_22.jpg,13,2
108,23,Img_108_23.jpg,13,2
108,24,Img_108_24.jpg,13,3
108,25,Img_108_25.jpg,13,3
108,26,Img_108_26.jpg,13,3
108,27,Img_108_27.jpg,13,3
108,28,Img_108_28.jpg,13,3
108,29,Img_108_29.jpg,13,3
108,30,Img_108_30.jpg,13,3
108,31,Img_108_31.jpg,13,3
108,32,Img_108_32.jpg,13,4
108,33,Img_108_33.jpg,13,4
108,34,Img_108_34.jpg,13,4
108,35,Img_108_35.jpg,13,4
108,36,Img_108_36.jpg,13,4
108,37,Img_108_37.jpg,13,4
108,38,Img_108_38.jpg,13,4
108,39,Img_108_39.jpg,13,4
108,40,Img_108_40.jpg,13,5
108,41,Img_108_41.jpg,13,5
108,42,Img_108_42.jpg,13,5
108,43,Img_108_43.jpg,13,5
108,44,Img_108_44.jpg,13,5
108,45,Img_108_45.jpg,13,5
108,46,Img_108_46.jpg,13,5
108,47,Img_108_47.jpg,13,5
108,48,Img_108_48.jpg,13,6
108,49,Img_108_49.jpg,13,6
108,50,Img_108_50.jpg,13,6
108,51,Img_108_51.jpg,13,6
108,52,Img_108_52.jpg,13,6
108,53,Img_108_53.jpg,13,6
108,54,Img_108_54.jpg,13,6
108,55,Img_108_55.jpg,13,6
109,0,Img_109_0.jpg,13,0
109,1,Img_109_1.jpg,13,0
109,2,Img_109_2.jpg,13,0
109,3,Img_109_3.jpg,13,0
109,4,Img_109_4.jpg,13,0
109,5,Img_109_5.jpg,13,0
109,6,Img_109_6.jpg,13,0
109,7,Img_109_7.jpg,13,0
109,8,Img_109_8.jpg,13,1
109,9,Img_109_9.jpg,13,1
109,10,Img_109_10.jpg,13,1
109,11,Img_109_11.jpg,13,1
109,12,Img_109_12.jpg,13,1
109,13,Img_109_13.jpg,13,1
109,14,Img_109_14.jpg,13,1
109,15,Img_109_15.jpg,13,1
109,16,Img_109_16.jpg,13,2
109,17,Img_109_17.jpg,13,2
109,18,Img_109_18.jpg,13,2
109,19,Img_109_19.jpg,13,2
109,20,Img_109_20.jpg,13,2
109,21,Img_109_21.jpg,13,2
109,22,Img_109_22.jpg,13,2
109,23,Img_109_23.jpg,13,2
109,24,Img_109_24.jpg,13,3
109,25,Img_109_25.jpg,13,3
109,26,Img_109_26.jpg,13,3
109,27,Img_109_27.jpg,13,3
109,28,Img_109_28.jpg,13,3
109,29,Img_109_29.jpg,13,3
109,30,Img_109_30.jpg,13,3
109,31,Img_109_31.jpg,13,3
109,32,Img_109_32.jpg,13,4
109,33,Img_109_33.jpg,13,4
109,34,Img_109_34.jpg,13,4
109,35,Img_109_35.jpg,13,4
109,36,Img_109_36.jpg,13,4
109,37,Img_109_37.jpg,13,4
109,38,Img_109_38.jpg,13,4
109,39,Img_109_39.jpg,13,4
109,40,Img_109_40.jpg,13,5
109,41,Img_109_41.jpg,13,5
109,42,Img_109_42.jpg,13,5
109,43,Img_109_43.jpg,13,5
109,44,Img_109_44.jpg,13,5
109,45,Img_109_45.jpg,13,5
109,46,Img_109_46.jpg,13,5
109,47,Img_109_47.jpg,13,5
109,48,Img_109_48.jpg,13,6
109,49,Img_109_49.jpg,13,6
109,50,Img_109_50.jpg,13,6
109,51,Img_109_51.jpg,13,6
109,52,Img_109_52.jpg,13,6
109,53,Img_109_53.jpg,13,6
109,54,Img_109_54.jpg,13,6
109,55,Img_109_55.jpg,13,6
110,0,Img_110_0.jpg,13,0
110,1,Img_110_1.jpg,13,0
110,2,Img_110_2.jpg,13,0
110,3,Img_110_3.jpg,13,0
110,4,Img_110_4.jpg,13,0
110,5,Img_110_5.jpg,13,0
110,6,Img_110_6.jpg,13,0
110,7,Img_110_7.jpg,13,0
110,8,Img_110_8.jpg,13,1
110,9,Img_110_9.jpg,13,1
110,10,Img_110_10.jpg,13,1
110,11,Img_110_11.jpg,13,1
110,12,Img_110_12.jpg,13,1
110,13,Img_110_13.jpg,13,1
110,14,Img_110_14.jpg,13,1
110,15,Img_110_15.jpg,13,1
110,16,Img_110_16.jpg,13,2
110,17,Img_110_17.jpg,13,2
110,18,Img_110_18.jpg,13,2
110,19,Img_110_19.jpg,13,2
110,20,Img_110_20.jpg,13,2
110,21,Img_110_21.jpg,13,2
110,22,Img_110_22.jpg,13,2
110,23,Img_110_23.jpg,13,2
110,24,Img_110_24.jpg,13,3
110,25,Img_110_25.jpg,13,3
110,26,Img_110_26.jpg,13,3
110,27,Img_110_27.jpg,13,3
110,28,Img_110_28.jpg,13,3
110,29,Img_110_29.jpg,13,3
110,30,Img_110_30.jpg,13,3
110,31,Img_110_31.jpg,13,3
110,32,Img_110_32.jpg,13,4
110,33,Img_110_33.jpg,13,4
110,34,Img_110_34.jpg,13,4
110,35,Img_110_35.jpg,13,4
110,36,Img_110_36.jpg,13,4
110,37,Img_110_37.jpg,13,4
110,38,Img_110_38.jpg,13,4
110,39,Img_110_39.jpg,13,4
110,40,Img_110_40.jpg,13,5
110,41,Img_110_41.jpg,13,5
110,42,Img_110_42.jpg,13,5
110,43,Img_110_43.jpg,13,5
110,44,Img_110_44.jpg,13,5
110,45,Img_110_45.jpg,13,5
110,46,Img_110_46.jpg,13,5
110,47,Img_110_47.jpg,13,5
110,48,Img_110_48.jpg,13,6
110,49,Img_110_49.jpg,13,6
110,50,Img_110_50.jpg,13,6
110,51,Img_110_51.jpg,13,6
110,52,Img_110_52.jpg,13,6
110,53,Img_110_53.jpg,13,6
110,54,Img_110_54.jpg,13,6
110,55,Img_110_55.jpg,13,6
111,0,Img_111_0.jpg,13,0
111,1,Img_111_1.jpg,13,0
111,2,Img_111_2.jpg,13,0
111,3,Img_111_3.jpg,13,0
111,4,Img_111_4.jpg,13,0
111,5,Img_111_5.jpg,13,0
111,6,Img_111_6.jpg,13,0
111,7,Img_111_7.jpg,13,0
111,8,Img_111_8.jpg,13,1
111,9,Img_111_9.jpg,13,1
111,10,Img_111_10.jpg,13,1
111,11,Img_111_11.jpg,13,1
111,12,Img_111_12.jpg,13,1
111,13,Img_111_13.jpg,13,1
111,14,Img_111_14.jpg,13,1
111,15,Img_111_15.jpg,13,1
111,16,Img_111_16.jpg,13,2
111,17,Img_111_17.jpg,13,2
111,18,Img_111_18.jpg,13,2
111,19,Img_111_19.jpg,13,2
111,20,Img_111_20.jpg,13,2
111,21,Img_111_21.jpg,13,2
111,22,Img_111_22.jpg,13,2
111,23,Img_111_23.jpg,13,2
111,24,Img_111_24.jpg,13,3
111,25,Img_111_25.jpg,13,3
111,26,Img_111_26.jpg,13,3
111,27,Img_111_27.jpg,13,3
111,28,Img_111_28.jpg,13,3
111,29,Img_111_29.jpg,13,3
111,30,Img_111_30.jpg,13,3
111,31,Img_111_31.jpg,13,3
111,32,Img_111_32.jpg,13,4
111,33,Img_111_33.jpg,13,4
111,34,Img_111_34.jpg,13,4
111,35,Img_111_35.jpg,13,4
111,36,Img_111_36.jpg,13,4
111,37,Img_111_37.jpg,13,4
111,38,Img_111_38.jpg,13,4
111,39,Img_111_39.jpg,13,4
111,40,Img_111_40.jpg,13,5
111,41,Img_111_41.jpg,13,5
111,42,Img_111_42.jpg,13,5
111,43,Img_111_43.jpg,13,5
111,44,Img_111_44.jpg,13,5
111,45,Img_111_45.jpg,13,5
111,46,Img_111_46.jpg,13,5
111,47,Img_111_47.jpg,13,5
111,48,Img_111_48.jpg,13,6
111,49,Img_111_49.jpg,13,6
111,50,Img_111_50.jpg,13,6
111,51,Img_111_51.jpg,13,6
111,52,Img_111_52.jpg,13,6
111,53,Img_111_53.jpg,13,6
111,54,Img_111_54.jpg,13,6
111,55,Img_111_55.jpg,13,6
112,0,Img_112_0.jpg,14,0
112,1,Img_112_1.jpg,14,0
112,2,Img_112_2.jpg,14,0
112,3,Img_112_3.jpg,14,0
112,4,Img_112_4.jpg,14,0
112,5,Img_112_5.jpg,14,0
112,6,Img_112_6.jpg,14,0
112,7,Img_112_7.jpg,14,0
112,8,Img_112_8.jpg,14,1
112,9,Img_112_9.jpg,14,1
112,10,Img_112_10.jpg,14,1
112,11,Img_112_11.jpg,14,1
112,12,Img_112_12.jpg,14,1
112,13,Img_112_13.jpg,14,1
112,14,Img_112_14.jpg,14,1
112,15,Img_112_15.jpg,14,1
112,16,Img_112_16.jpg,14,2
112,17,Img_112_17.jpg,14,2
112,18,Img_112_18.jpg,14,2
112,19,Img_112_19.jpg,14,2
112,20,Img_112_20.jpg,14,2
112,21,Img_112_21.jpg,14,2
112,22,Img_112_22.jpg,14,2
112,23,Img_112_23.jpg,14,2
112,24,Img_112_24.jpg,14,3
112,25,Img_112_25.jpg,14,3
112,26,Img_112_26.jpg,14,3
112,27,Img_112_27.jpg,14,3
112,28,Img_112_28.jpg,14,3
112,29,Img_112_29.jpg,14,3
112,30,Img_112_30.jpg,14,3
112,31,Img_112_31.jpg,14,3
112,32,Img_112_32.jpg,14,4
112,33,Img_112_33.jpg,14,4
112,34,Img_112_34.jpg,14,4
112,35,Img_112_35.jpg,14,4
112,36,Img_112_36.jpg,14,4
112,37,Img_112_37.jpg,14,4
112,38,Img_112_38.jpg,14,4
112,39,Img_112_39.jpg,14,4
113,0,Img_113_0.jpg,14,0
113,1,Img_113_1.jpg,14,0
113,2,Img_113_2.jpg,14,0
113,3,Img_113_3.jpg,14,0
113,4,Img_113_4.jpg,14,0
113,5,Img_113_5.jpg,14,0
113,6,Img_113_6.jpg,14,0
113,7,Img_113_7.jpg,14,0
113,8,Img_113_8.jpg,14,1
113,9,Img_113_9.jpg,14,1
113,10,Img_113_10.jpg,14,1
113,11,Img_113_11.jpg,14,1
113,12,Img_113_12.jpg,14,1
113,13,Img_113_13.jpg,14,1
113,14,Img_113_14.jpg,14,1
113,15,Img_113_15.jpg,14,1
113,16,Img_113_16.jpg,14,2
113,17,Img_113_17.jpg,14,2
113,18,Img_113_18.jpg,14,2
113,19,Img_113_19.jpg,14,2
113,20,Img_113_20.jpg,14,2
113,21,Img_113_21.jpg,14,2
113,22,Img_113_22.jpg,14,2
113,23,Img_113_23.jpg,14,2
113,24,Img_113_24.jpg,14,3
113,25,Img_113_25.jpg,14,3
113,26,Img_113_26.jpg,14,3
113,27,Img_113_27.jpg,14,3
113,28,Img_113_28.jpg,14,3
113,29,Img_113_29.jpg,14,3
113,30,Img_113_30.jpg,14,3
113,31,Img_113_31.jpg,14,3
113,32,Img_113_32.jpg,14,4
113,33,Img_113_33.jpg,14,4
113,34,Img_113_34.jpg,14,4
113,35,Img_113_35.jpg,14,4
113,36,Img_113_36.jpg,14,4
113,37,Img_113_37.jpg,14,4
113,38,Img_113_38.jpg,14,4
113,39,Img_113_39.jpg,14,4
114,0,Img_114_0.jpg,14,0
114,1,Img_114_1.jpg,14,0
114,2,Img_114_2.jpg,14,0
114,3,Img_114_3.jpg,14,0
114,4,Img_114_4.jpg,14,0
114,5,Img_114_5.jpg,14,0
114,6,Img_114_6.jpg,14,0
114,7,Img_114_7.jpg,14,0
114,8,Img_114_8.jpg,14,1
114,9,Img_114_9.jpg,14,1
114,10,Img_114_10.jpg,14,1
114,11,Img_114_11.jpg,14,1
114,12,Img_114_12.jpg,14,1
114,13,Img_114_13.jpg,14,1
114,14,Img_114_14.jpg,14,1
114,15,Img_114_15.jpg,14,1
114,16,Img_114_16.jpg,14,2
114,17,Img_114_17.jpg,14,2
114,18,Img_114_18.jpg,14,2
114,19,Img_114_19.jpg,14,2
114,20,Img_114_20.jpg,14,2
114,21,Img_114_21.jpg,14,2
114,22,Img_114_22.jpg,14,2
114,23,Img_114_23.jpg,14,2
114,24,Img_114_24.jpg,14,3
114,25,Img_114_25.jpg,14,3
114,26,Img_114_26.jpg,14,3
114,27,Img_114_27.jpg,14,3
114,28,Img_114_28.jpg,14,3
114,29,Img_114_29.jpg,14,3
114,30,Img_114_30.jpg,14,3
114,31,Img_114_31.jpg,14,3
114,32,Img_114_32.jpg,14,4
114,33,Img_114_33.jpg,14,4
114,34,Img_114_34.jpg,14,4
114,35,Img_114_35.jpg,14,4
114,36,Img_114_36.jpg,14,4
114,37,Img_114_37.jpg,14,4
114,38,Img_114_38.jpg,14,4
114,39,Img_114_39.jpg,14,4
115,0,Img_115_0.jpg,14,0
115,1,Img_115_1.jpg,14,0
115,2,Img_115_2.jpg,14,0
115,3,Img_115_3.jpg,14,0
115,4,Img_115_4.jpg,14,0
115,5,Img_115_5.jpg,14,0
115,6,Img_115_6.jpg,14,0
115,7,Img_115_7.jpg,14,0
115,8,Img_115_8.jpg,14,1
115,9,Img_115_9.jpg,14,1
115,10,Img_115_10.jpg,14,1
115,11,Img_115_11.jpg,14,1
115,12,Img_115_12.jpg,14,1
115,13,Img_115_13.jpg,14,1
115,14,Img_115_14.jpg,14,1
115,15,Img_115_15.jpg,14,1
115,16,Img_115_16.jpg,14,2
115,17,Img_115_17.jpg,14,2
115,18,Img_115_18.jpg,14,2
115,19,Img_115_19.jpg,14,2
115,20,Img_115_20.jpg,14,2
115,21,Img_115_21.jpg,14,2
115,22,Img_115_22.jpg,14,2
115,23,Img_115_23.jpg,14,2
115,24,Img_115_24.jpg,14,3
115,25,Img_115_25.jpg,14,3
115,26,Img_115_26.jpg,14,3
115,27,Img_115_27.jpg,14,3
115,28,Img_115_28.jpg,14,3
115,29,Img_115_29.jpg,14,3
115,30,Img_115_30.jpg,14,3
115,31,Img_115_31.jpg,14,3
115,32,Img_115_32.jpg,14,4
115,33,Img_115_33.jpg,14,4
115,34,Img_115_34.jpg,14,4
115,35,Img_115_35.jpg,14,4
115,36,Img_115_36.jpg,14,4
115,37,Img_115_37.jpg,14,4
115,38,Img_115_38.jpg,14,4
115,39,Img_115_39.jpg,14,4
116,0,Img_116_0.jpg,14,0
116,1,Img_116_1.jpg,14,0
116,2,Img_116_2.jpg,14,0
116,3,Img_116_3.jpg,14,0
116,4,Img_116_4.jpg,14,0
116,5,Img_116_5.jpg,14,0
116,6,Img_116_6.jpg,14,0
116,7,Img_116_7.jpg,14,0
116,8,Img_116_8.jpg,14,1
116,9,Img_116_9.jpg,14,1
116,10,Img_116_10.jpg,14,1
116,11,Img_116_11.jpg,14,1
116,12,Img_116_12.jpg,14,1
116,13,Img_116_13.jpg,14,1
116,14,Img_116_14.jpg,14,1
116,15,Img_116_15.jpg,14,1
116,16,Img_116_16.jpg,14,2
116,17,Img_116_17.jpg,14,2
116,18,Img_116_18.jpg,14,2
116,19,Img_116_19.jpg,14,2
116,20,Img_116_20.jpg,14,2
116,21,Img_116_21.jpg,14,2
116,22,Img_116_22.jpg,14,2
116,23,Img_116_23.jpg,14,2
116,24,Img_116_24.jpg,14,3
116,25,Img_116_25.jpg,14,3
116,26,Img_116_26.jpg,14,3
116,27,Img_116_27.jpg,14,3
116,28,Img_116_28.jpg,14,3
116,29,Img_116_29.jpg,14,3
116,30,Img_116_30.jpg,14,3
116,31,Img_116_31.jpg,14,3
116,32,Img_116_32.jpg,14,4
116,33,Img_116_33.jpg,14,4
116,34,Img_116_34.jpg,14,4
116,35,Img_116_35.jpg,14,4
116,36,Img_116_36.jpg,14,4
116,37,Img_116_37.jpg,14,4
116,38,Img_116_38.jpg,14,4
116,39,Img_116_39.jpg,14,4
117,0,Img_117_0.jpg,14,0
117,1,Img_117_1.jpg,14,0
117,2,Img_117_2.jpg,14,0
117,3,Img_117_3.jpg,14,0
117,4,Img_117_4.jpg,14,0
117,5,Img_117_5.jpg,14,0
117,6,Img_117_6.jpg,14,0
117,7,Img_117_7.jpg,14,0
117,8,Img_117_8.jpg,14,1
117,9,Img_117_9.jpg,14,1
117,10,Img_117_10.jpg,14,1
117,11,Img_117_11.jpg,14,1
117,12,Img_117_12.jpg,14,1
117,13,Img_117_13.jpg,14,1
117,14,Img_117_14.jpg,14,1
117,15,Img_117_15.jpg,14,1
117,16,Img_117_16.jpg,14,2
117,17,Img_117_17.jpg,14,2
117,18,Img_117_18.jpg,14,2
117,19,Img_117_19.jpg,14,2
117,20,Img_117_20.jpg,14,2
117,21,Img_117_21.jpg,14,2
117,22,Img_117_22.jpg,14,2
117,23,Img_117_23.jpg,14,2
117,24,Img_117_24.jpg,14,3
117,25,Img_117_25.jpg,14,3
117,26,Img_117_26.jpg,14,3
117,27,Img_117_27.jpg,14,3
117,28,Img_117_28.jpg,14,3
117,29,Img_117_29.jpg,14,3
117,30,Img_117_30.jpg,14,3
117,31,Img_117_31.jpg,14,3
117,32,Img_117_32.jpg,14,4
117,33,Img_117_33.jpg,14,4
117,34,Img_117_34.jpg,14,4
117,35,Img_117_35.jpg,14,4
117,36,Img_117_36.jpg,14,4
117,37,Img_117_37.jpg,14,4
117,38,Img_117_38.jpg,14,4
117,39,Img_117_39.jpg,14,4
118,0,Img_118_0.jpg,14,0
118,1,Img_118_1.jpg,14,0
118,2,Img_118_2.jpg,14,0
118,3,Img_118_3.jpg,14,0
118,4,Img_118_4.jpg,14,0
118,5,Img_118_5.jpg,14,0
118,6,Img_118_6.jpg,14,0
118,7,Img_118_7.jpg,14,0
118,8,Img_118_8.jpg,14,1
118,9,Img_118_9.jpg,14,1
118,10,Img_118_10.jpg,14,1
118,11,Img_118_11.jpg,14,1
118,12,Img_118_12.jpg,14,1
118,13,Img_118_13.jpg,14,1
118,14,Img_118_14.jpg,14,1
118,15,Img_118_15.jpg,14,1
118,16,Img_118_16.jpg,14,2
118,17,Img_118_17.jpg,14,2
118,18,Img_118_18.jpg,14,2
118,19,Img_118_19.jpg,14,2
118,20,Img_118_20.jpg,14,2
118,21,Img_118_21.jpg,14,2
118,22,Img_118_22.jpg,14,2
118,23,Img_118_23.jpg,14,2
118,24,Img_118_24.jpg,14,3
118,25,Img_118_25.jpg,14,3
118,26,Img_118_26.jpg,14,3
118,27,Img_118_27.jpg,14,3
118,28,Img_118_28.jpg,14,3
118,29,Img_118_29.jpg,14,3
118,30,Img_118_30.jpg,14,3
118,31,Img_118_31.jpg,14,3
118,32,Img_118_32.jpg,14,4
118,33,Img_118_33.jpg,14,4
118,34,Img_118_34.jpg,14,4
118,35,Img_118_35.jpg,14,4
118,36,Img_118_36.jpg,14,4
118,37,Img_118_37.jpg,14,4
118,38,Img_118_38.jpg,14,4
118,39,Img_118_39.jpg,14,4
119,0,Img_119_0.jpg,14,0
119,1,Img_119_1.jpg,14,0
119,2,Img_119_2.jpg,14,0
119,3,Img_119_3.jpg,14,0
119,4,Img_119_4.jpg,14,0
119,5,Img_119_5.jpg,14,0
119,6,Img_119_6.jpg,14,0
119,7,Img_119_7.jpg,14,0
119,8,Img_119_8.jpg,14,1
119,9,Img_119_9.jpg,14,1
119,10,Img_119_10.jpg,14,1
119,11,Img_119_11.jpg,14,1
119,12,Img_119_12.jpg,14,1
119,13,Img_119_13.jpg,14,1
119,14,Img_119_14.jpg,14,1
119,15,Img_119_15.jpg,14,1
119,16,Img_119_16.jpg,14,2
119,17,Img_119_17.jpg,14,2
119,18,Img_119_18.jpg,14,2
119,19,Img_119_19.jpg,14,2
119,20,Img_119_20.jpg,14,2
119,21,Img_119_21.jpg,14,2
119,22,Img_119_22.jpg,14,2
119,23,Img_119_23.jpg,14,2
119,24,Img_119_24.jpg,14,3
119,25,Img_119_25.jpg,14,3
119,26,Img_119_26.jpg,14,3
119,27,Img_119_27.jpg,14,3
119,28,Img_119_28.jpg,14,3
119,29,Img_119_29.jpg,14,3
119,30,Img_119_30.jpg,14,3
119,31,Img_119_31.jpg,14,3
119,32,Img_119_32.jpg,14,4
119,33,Img_119_33.jpg,14,4
119,34,Img_119_34.jpg,14,4
119,35,Img_119_35.jpg,14,4
119,36,Img_119_36.jpg,14,4
119,37,Img_119_37.jpg,14,4
119,38,Img_119_38.jpg,14,4
119,39,Img_119_39.jpg,14,4
120,0,Img_120_0.jpg,15,0
120,1,Img_120_1.jpg,15,0
120,2,Img_120_2.jpg,15,0
120,3,Img_120_3.jpg,15,0
120,4,Img_120_4.jpg,15,0
120,5,Img_120_5.jpg,15,0
120,6,Img_120_6.jpg,15,0
120,7,Img_120_7.jpg,15,0
120,8,Img_120_8.jpg,15,1
120,9,Img_120_9.jpg,15,1
120,10,Img_120_10.jpg,15,1
120,11,Img_120_11.jpg,15,1
120,12,Img_120_12.jpg,15,1
120,13,Img_120_13.jpg,15,1
120,14,Img_120_14.jpg,15,1
120,15,Img_120_15.jpg,15,1
120,16,Img_120_16.jpg,15,2
120,17,Img_120_17.jpg,15,2
120,18,Img_120_18.jpg,15,2
120,19,Img_120_19.jpg,15,2
120,20,Img_120_20.jpg,15,2
120,21,Img_120_21.jpg,15,2
120,22,Img_120_22.jpg,15,2
120,23,Img_120_23.jpg,15,2
120,24,Img_120_24.jpg,15,3
120,25,Img_120_25.jpg,15,3
120,26,Img_120_26.jpg,15,3
120,27,Img_120_27.jpg,15,3
120,28,Img_120_28.jpg,15,3
120,29,Img_120_29.jpg,15,3
120,30,Img_120_30.jpg,15,3
120,31,Img_120_31.jpg,15,3
121,0,Img_121_0.jpg,15,0
121,1,Img_121_1.jpg,15,0
121,2,Img_121_2.jpg,15,0
121,3,Img_121_3.jpg,15,0
121,4,Img_121_4.jpg,15,0
121,5,Img_121_5.jpg,15,0
121,6,Img_121_6.jpg,15,0
121,7,Img_121_7.jpg,15,0
121,8,Img_121_8.jpg,15,1
121,9,Img_121_9.jpg,15,1
121,10,Img_121_10.jpg,15,1
121,11,Img_121_11.jpg,15,1
121,12,Img_121_12.jpg,15,1
121,13,Img_121_13.jpg,15,1
121,14,Img_121_14.jpg,15,1
121,15,Img_121_15.jpg,15,1
121,16,Img_121_16.jpg,15,2
121,17,Img_121_17.jpg,15,2
121,18,Img_121_18.jpg,15,2
121,19,Img_121_19.jpg,15,2
121,20,Img_121_20.jpg,15,2
121,21,Img_121_21.jpg,15,2
121,22,Img_121_22.jpg,15,2
121,23,Img_121_23.jpg,15,2
121,24,Img_121_24.jpg,15,3
121,25,Img_121_25.jpg,15,3
121,26,Img_121_26.jpg,15,3
121,27,Img_121_27.jpg,15,3
121,28,Img_121_28.jpg,15,3
121,29,Img_121_29.jpg,15,3
121,30,Img_121_30.jpg,15,3
121,31,Img_121_31.jpg,15,3
122,0,Img_122_0.jpg,15,0
122,1,Img_122_1.jpg,15,0
122,2,Img_122_2.jpg,15,0
122,3,Img_122_3.jpg,15,0
122,4,Img_122_4.jpg,15,0
122,5,Img_122_5.jpg,15,0
122,6,Img_122_6.jpg,15,0
122,7,Img_122_7.jpg,15,0
122,8,Img_122_8.jpg,15,1
122,9,Img_122_9.jpg,15,1
122,10,Img_122_10.jpg,15,1
122,11,Img_122_11.jpg,15,1
122,12,Img_122_12.jpg,15,1
122,13,Img_122_13.jpg,15,1
122,14,Img_122_14.jpg,15,1
122,15,Img_122_15.jpg,15,1
122,16,Img_122_16.jpg,15,2
122,17,Img_122_17.jpg,15,2
122,18,Img_122_18.jpg,15,2
122,19,Img_122_19.jpg,15,2
122,20,Img_122_20.jpg,15,2
122,21,Img_122_21.jpg,15,2
122,22,Img_122_22.jpg,15,2
122,23,Img_122_23.jpg,15,2
122,24,Img_122_24.jpg,15,3
122,25,Img_122_25.jpg,15,3
122,26,Img_122_26.jpg,15,3
122,27,Img_122_27.jpg,15,3
122,28,Img_122_28.jpg,15,3
122,29,Img_122_29.jpg,15,3
122,30,Img_122_30.jpg,15,3
122,31,Img_122_31.jpg,15,3
123,0,Img_123_0.jpg,15,0
123,1,Img_123_1.jpg,15,0
123,2,Img_123_2.jpg,15,0
123,3,Img_123_3.jpg,15,0
123,4,Img_123_4.jpg,15,0
123,5,Img_123_5.jpg,15,0
123,6,Img_123_6.jpg,15,0
123,7,Img_123_7.jpg,15,0
123,8,Img_123_8.jpg,15,1
123,9,Img_123_9.jpg,15,1
123,10,Img_123_10.jpg,15,1
123,11,Img_123_11.jpg,15,1
123,12,Img_123_12.jpg,15,1
123,13,Img_123_13.jpg,15,1
123,14,Img_123_14.jpg,15,1
123,15,Img_123_15.jpg,15,1
123,16,Img_123_16.jpg,15,2
123,17,Img_123_17.jpg,15,2
123,18,Img_123_18.jpg,15,2
123,19,Img_123_19.jpg,15,2
123,20,Img_123_20.jpg,15,2
123,21,Img_123_21.jpg,15,2
123,22,Img_123_22.jpg,15,2
123,23,Img_123_23.jpg,15,2
123,24,Img_123_24.jpg,15,3
123,25,Img_123_25.jpg,15,3
123,26,Img_123_26.jpg,15,3
123,27,Img_123_27.jpg,15,3
123,28,Img_123_28.jpg,15,3
123,29,Img_123_29.jpg,15,3
123,30,Img_123_30.jpg,15,3
123,31,Img_123_31.jpg,15,3
124,0,Img_124_0.jpg,15,0
124,1,Img_124_1.jpg,15,0
124,2,Img_124_2.jpg,15,0
124,3,Img_124_3.jpg,15,0
124,4,Img_124_4.jpg,15,0
124,5,Img_124_5.jpg,15,0
124,6,Img_124_6.jpg,15,0
124,7,Img_124_7.jpg,15,0
124,8,Img_124_8.jpg,15,1
124,9,Img_124_9.jpg,15,1
124,10,Img_124_10.jpg,15,1
124,11,Img_124_11.jpg,15,1
124,12,Img_124_12.jpg,15,1
124,13,Img_124_13.jpg,15,1
124,14,Img_124_14.jpg,15,1
124,15,Img_124_15.jpg,15,1
124,16,Img_124_16.jpg,15,2
124,17,Img_124_17.jpg,15,2
124,18,Img_124_18.jpg,15,2
124,19,Img_124_19.jpg,15,2
124,20,Img_124_20.jpg,15,2
124,21,Img_124_21.jpg,15,2
124,22,Img_124_22.jpg,15,2
124,23,Img_124_23.jpg,15,2
124,24,Img_124_24.jpg,15,3
124,25,Img_124_25.jpg,15,3
124,26,Img_124_26.jpg,15,3
124,27,Img_124_27.jpg,15,3
124,28,Img_124_28.jpg,15,3
124,29,Img_124_29.jpg,15,3
124,30,Img_124_30.jpg,15,3
124,31,Img_124_31.jpg,15,3
125,0,Img_125_0.jpg,15,0
125,1,Img_125_1.jpg,15,0
125,2,Img_125_2.jpg,15,0
125,3,Img_125_3.jpg,15,0
125,4,Img_125_4.jpg,15,0
125,5,Img_125_5.jpg,15,0
125,6,Img_125_6.jpg,15,0
125,7,Img_125_7.jpg,15,0
125,8,Img_125_8.jpg,15,1
125,9,Img_125_9.jpg,15,1
125,10,Img_125_10.jpg,15,1
125,11,Img_125_11.jpg,15,1
125,12,Img_125_12.jpg,15,1
125,13,Img_125_13.jpg,15,1
125,14,Img_125_14.jpg,15,1
125,15,Img_125_15.jpg,15,1
125,16,Img_125_16.jpg,15,2
125,17,Img_125_17.jpg,15,2
125,18,Img_125_18.jpg,15,2
125,19,Img_125_19.jpg,15,2
125,20,Img_125_20.jpg,15,2
125,21,Img_125_21.jpg,15,2
125,22,Img_125_22.jpg,15,2
125,23,Img_125_23.jpg,15,2
125,24,Img_125_24.jpg,15,3
125,25,Img_125_25.jpg,15,3
125,26,Img_125_26.jpg,15,3
125,27,Img_125_27.jpg,15,3
125,28,Img_125_28.jpg,15,3
125,29,Img_125_29.jpg,15,3
125,30,Img_125_30.jpg,15,3
125,31,Img_125_31.jpg,15,3
126,0,Img_126_0.jpg,15,0
126,1,Img_126_1.jpg,15,0
126,2,Img_126_2.jpg,15,0
126,3,Img_126_3.jpg,15,0
126,4,Img_126_4.jpg,15,0
126,5,Img_126_5.jpg,15,0
126,6,Img_126_6.jpg,15,0
126,7,Img_126_7.jpg,15,0
126,8,Img_126_8.jpg,15,1
126,9,Img_126_9.jpg,15,1
126,10,Img_126_10.jpg,15,1
126,11,Img_126_11.jpg,15,1
126,12,Img_126_12.jpg,15,1
126,13,Img_126_13.jpg,15,1
126,14,Img_126_14.jpg,15,1
126,15,Img_126_15.jpg,15,1
126,16,Img_126_16.jpg,15,2
126,17,Img_126_17.jpg,15,2
126,18,Img_126_18.jpg,15,2
126,19,Img_126_19.jpg,15,2
126,20,Img_126_20.jpg,15,2
126,21,Img_126_21.jpg,15,2
126,22,Img_126_22.jpg,15,2
126,23,Img_126_23.jpg,15,2
126,24,Img_126_24.jpg,15,3
126,25,Img_126_25.jpg,15,3
126,26,Img_126_26.jpg,15,3
126,27,Img_126_27.jpg,15,3
126,28,Img_126_28.jpg,15,3
126,29,Img_126_29.jpg,15,3
126,30,Img_126_30.jpg,15,3
126,31,Img_126_31.jpg,15,3
127,0,Img_127_0.jpg,15,0
127,1,Img_127_1.jpg,15,0
127,2,Img_127_2.jpg,15,0
127,3,Img_127_3.jpg,15,0
127,4,Img_127_4.jpg,15,0
127,5,Img_127_5.jpg,15,0
127,6,Img_127_6.jpg,15,0
127,7,Img_127_7.jpg,15,0
127,8,Img_127_8.jpg,15,1
127,9,Img_127_9.jpg,15,1
127,10,Img_127_10.jpg,15,1
127,11,Img_127_11.jpg,15,1
127,12,Img_127_12.jpg,15,1
127,13,Img_127_13.jpg,15,1
127,14,Img_127_14.jpg,15,1
127,15,Img_127_15.jpg,15,1
127,16,Img_127_16.jpg,15,2
127,17,Img_127_17.jpg,15,2
127,18,Img_127_18.jpg,15,2
127,19,Img_127_19.jpg,15,2
127,20,Img_127_20.jpg,15,2
127,21,Img_127_21.jpg,15,2
127,22,Img_127_22.jpg,15,2
127,23,Img_127_23.jpg,15,2
127,24,Img_127_24.jpg,15,3
127,25,Img_127_25.jpg,15,3
127,26,Img_127_26.jpg,15,3
127,27,Img_127_27.jpg,15,3
127,28,Img_127_28.jpg,15,3
127,29,Img_127_29.jpg,15,3
127,30,Img_127_30.jpg,15,3
127,31,Img_127_31.jpg,15,3
